{
"type": "FeatureCollection",
"name": "Gilbert_river_buffer_1000",
"crs": { "type": "name", "properties": { "name": "urn:ogc:def:crs:OGC:1.3:CRS84" } },
"features": [
{ "type": "Feature", "properties": { "Id": 0 }, "geometry": { "type": "Polygon", "coordinates": [ [ [ 142.912594985445054, -18.21517919909834 ], [ 142.913228939494871, -18.215386534686505 ], [ 142.91341895359318, -18.215374341074412 ], [ 142.913686288103946, -18.215364437266832 ], [ 142.913953808439913, -18.215361766847145 ], [ 142.914221300063616, -18.215366331953813 ], [ 142.914488550259222, -18.215378128384284 ], [ 142.914755343435587, -18.215397148352125 ], [ 142.915021467683886, -18.215423375000988 ], [ 142.915286707274532, -18.215456787900134 ], [ 142.915550852079917, -18.215497360240057 ], [ 142.915813690022361, -18.215545059811255 ], [ 142.916075009899544, -18.215599848072685 ], [ 142.916334603285065, -18.215661681036071 ], [ 142.916592261692358, -18.215730509294321 ], [ 142.916847779410347, -18.215806277993121 ], [ 142.917100950657812, -18.215888925955937 ], [ 142.917351573383883, -18.215978387452864 ], [ 142.917599447357787, -18.21607459041282 ], [ 142.917844373243099, -18.216177458239628 ], [ 142.918086155423737, -18.216286908880324 ], [ 142.918324600093399, -18.216402853037316 ], [ 142.918559515314826, -18.216525199588375 ], [ 142.918790714741448, -18.21665385012875 ], [ 142.919018011965477, -18.216788700834552 ], [ 142.919241226219157, -18.216929645115915 ], [ 142.919460176643696, -18.21707656825377 ], [ 142.919674689920527, -18.217229353647358 ], [ 142.919884592669689, -18.217387879276615 ], [ 142.920089718066407, -18.217552017635807 ], [ 142.920289900189516, -18.217721637596977 ], [ 142.920484980628231, -18.217896603440277 ], [ 142.920674801855284, -18.218076774016808 ], [ 142.920859212928406, -18.218262005401808 ], [ 142.920952219344798, -18.218359533080264 ], [ 142.921731719863971, -18.21918900459319 ], [ 142.921817566101936, -18.21928162111843 ], [ 142.921990717853134, -18.219476525086652 ], [ 142.922158029026264, -18.219676033497521 ], [ 142.922319365515051, -18.219879986900771 ], [ 142.922474598832963, -18.220088221272679 ], [ 142.922623603307244, -18.220300570754489 ], [ 142.922766260765684, -18.220516863991584 ], [ 142.922902456805048, -18.220736928687984 ], [ 142.923032080751568, -18.220960587993044 ], [ 142.923155031362342, -18.221187663154375 ], [ 142.923271207362632, -18.221417972709368 ], [ 142.923380517834232, -18.221651331477464 ], [ 142.923387696625014, -18.221667898826698 ], [ 142.926776079682867, -18.222691051145109 ], [ 142.926964964660129, -18.222750178790236 ], [ 142.927152508303465, -18.222813088831582 ], [ 142.927338626156399, -18.222879751404847 ], [ 142.931643003545503, -18.2244709336073 ], [ 142.934387153808103, -18.223757876632288 ], [ 142.934518478328329, -18.22372471705015 ], [ 142.934778544993719, -18.223664693472553 ], [ 142.935040285267348, -18.223611725577179 ], [ 142.935303488840674, -18.223565857036053 ], [ 142.935567945326397, -18.223527124295614 ], [ 142.935833442377486, -18.223495557499199 ], [ 142.936099767617947, -18.223471184081248 ], [ 142.936366708562417, -18.223454021540761 ], [ 142.936634050805594, -18.22344408468695 ], [ 142.936901579862678, -18.223441381103637 ], [ 142.937169081189239, -18.223445912955846 ], [ 142.937436342071635, -18.223457676970732 ], [ 142.93748721381931, -18.223460737539657 ], [ 142.942906931448903, -18.223800746991817 ], [ 142.943122864798369, -18.223816665934102 ], [ 142.94338900220518, -18.223842851558466 ], [ 142.943654256125257, -18.223876223452983 ], [ 142.943918416419621, -18.22391675484058 ], [ 142.944181270998229, -18.223964413544611 ], [ 142.944442608645431, -18.224019161056823 ], [ 142.944566111857768, -18.224047627796288 ], [ 142.950997753445193, -18.225573704595188 ], [ 142.956929607359768, -18.224971925732763 ], [ 142.957158676676357, -18.224951373526185 ], [ 142.957425613834829, -18.224934182530479 ], [ 142.95769295410193, -18.224924216181023 ], [ 142.957960482059235, -18.22492148299823 ], [ 142.958227983163169, -18.224925985170838 ], [ 142.958495244690198, -18.224937718546236 ], [ 142.958762051040566, -18.224956675388785 ], [ 142.959028190294504, -18.224982838892245 ], [ 142.959293446710518, -18.225016188676985 ], [ 142.959557610147698, -18.225056697983408 ], [ 142.959820468513442, -18.225104334652595 ], [ 142.960081810589116, -18.225159060193938 ], [ 142.960341427930501, -18.225220830669187 ], [ 142.960599112031929, -18.225289596721336 ], [ 142.960854657161946, -18.225365303545686 ], [ 142.961107857517248, -18.225447890015499 ], [ 142.96135851102386, -18.225537290449871 ], [ 142.96160641742631, -18.22563343282647 ], [ 142.961851377362422, -18.225736240597804 ], [ 142.962093195188999, -18.225845631758805 ], [ 142.962331677070836, -18.225961517059559 ], [ 142.962490930279216, -18.226043503410175 ], [ 142.962762980438043, -18.226186782741337 ], [ 142.962784519337049, -18.22618772842754 ], [ 142.963051327442798, -18.226206678163436 ], [ 142.963317467695788, -18.226232835470945 ], [ 142.963582727178675, -18.226266179043087 ], [ 142.963846892912983, -18.226306682154242 ], [ 142.964109753749625, -18.226354312640755 ], [ 142.96437109846795, -18.226409032016996 ], [ 142.96441057283883, -18.22641794333903 ], [ 142.972400224625034, -18.22823876257527 ], [ 142.978105504160055, -18.227610874589001 ], [ 142.978150743396867, -18.227606000732624 ], [ 142.978417062832364, -18.227581568439479 ], [ 142.978683999733761, -18.22756434671814 ], [ 142.978951338753944, -18.22755435043501 ], [ 142.979218867300517, -18.227551587202019 ], [ 142.979486370829363, -18.227556059231965 ], [ 142.979753634735374, -18.227567763319016 ], [ 142.980020444331785, -18.227586689032144 ], [ 142.980286586781318, -18.227612822308785 ], [ 142.980551849164954, -18.227646141861175 ], [ 142.980816018512087, -18.227686621886239 ], [ 142.981078883640095, -18.227734227529581 ], [ 142.981340233355525, -18.227788923034677 ], [ 142.9815998591979, -18.22785066358389 ], [ 142.981857552654702, -18.227919399844232 ], [ 142.982113107041812, -18.227995077044543 ], [ 142.982366318438267, -18.228077634062355 ], [ 142.982616984761336, -18.228167005240248 ], [ 142.982864902920369, -18.22826311951188 ], [ 142.983109876358611, -18.228365898517126 ], [ 142.983351708476704, -18.228475260283641 ], [ 142.983590205458597, -18.228591118294251 ], [ 142.98382517624043, -18.228713378776995 ], [ 142.984056432541365, -18.22884194341496 ], [ 142.984283788883857, -18.228976711152857 ], [ 142.984507063467248, -18.229117571864066 ], [ 142.984726078249622, -18.229264413577006 ], [ 142.984940656081051, -18.229417119794515 ], [ 142.985150626344705, -18.229575566725238 ], [ 142.985355821226705, -18.229739627839113 ], [ 142.985556075685452, -18.229909171157495 ], [ 142.985751229383084, -18.230084062846696 ], [ 142.985941125668489, -18.230264160904635 ], [ 142.986125612594265, -18.23044932147403 ], [ 142.986304542896221, -18.230639397035748 ], [ 142.986477773037791, -18.230834235515296 ], [ 142.986645165090437, -18.231033679359793 ], [ 142.986806583003755, -18.231237570093636 ], [ 142.986961898225815, -18.231445743743116 ], [ 142.987022248659514, -18.231530118909916 ], [ 142.98859825654182, -18.233760479209192 ], [ 142.988815050764231, -18.233873270271644 ], [ 142.989046317336488, -18.23400182871222 ], [ 142.989273684021754, -18.234136588538536 ], [ 142.989496969041824, -18.234277442339472 ], [ 142.989715994346398, -18.23442427814896 ], [ 142.989930582746467, -18.23457697676546 ], [ 142.990140563647401, -18.234735417112834 ], [ 142.990345769216646, -18.234899471762958 ], [ 142.99040994269393, -18.234952751474481 ], [ 143.000089788627974, -18.243061950122502 ], [ 143.000225892002476, -18.243178200097372 ], [ 143.00042107502253, -18.24335307375895 ], [ 143.00061100075277, -18.243533154181382 ], [ 143.000795517222258, -18.243718297521525 ], [ 143.000974478088636, -18.243908356264146 ], [ 143.001147737900936, -18.244103178367965 ], [ 143.001315158706831, -18.244302606293221 ], [ 143.001476606322768, -18.244506481557448 ], [ 143.001631952173142, -18.244714640199316 ], [ 143.001781070485151, -18.244926915518011 ], [ 143.001923843015732, -18.245143138023803 ], [ 143.002060154314279, -18.245363134584071 ], [ 143.002189896449806, -18.245586728373841 ], [ 143.00231296430448, -18.245813740731723 ], [ 143.002421730628043, -18.246028565817696 ], [ 143.006178641850283, -18.253705480448009 ], [ 143.006189063254197, -18.253706217676559 ], [ 143.00645524597897, -18.253732310279219 ], [ 143.006720549708263, -18.253765589167841 ], [ 143.006984761438588, -18.253806028571979 ], [ 143.007247669952989, -18.253853593669696 ], [ 143.007509064023765, -18.253908248737002 ], [ 143.007768735154798, -18.253969948988463 ], [ 143.008026474797418, -18.254038645123458 ], [ 143.00810468831861, -18.254060987358343 ], [ 143.016120880711298, -18.256386690245396 ], [ 143.021348992137064, -18.256332444361274 ], [ 143.026043126741087, -18.253165593939119 ], [ 143.026226391220433, -18.253045014193603 ], [ 143.026450627700569, -18.252905521756688 ], [ 143.026678905874093, -18.252772147355323 ], [ 143.026911042629337, -18.252644998609085 ], [ 143.027146851957639, -18.252524177748427 ], [ 143.02738614493245, -18.252409779808154 ], [ 143.027469859153314, -18.252371647413849 ], [ 143.035539600635843, -18.248741844130279 ], [ 143.035698464163659, -18.248672088675903 ], [ 143.035944136437308, -18.248570799705995 ], [ 143.036192709444236, -18.248476193498988 ], [ 143.036443985544906, -18.248388346221368 ], [ 143.03669776135564, -18.248307327777837 ], [ 143.036953835332241, -18.248233203537492 ], [ 143.037212002077069, -18.248166032587655 ], [ 143.037472054239771, -18.248105868617078 ], [ 143.037486314695286, -18.248102783558689 ], [ 143.040316185851992, -18.24749282766107 ], [ 143.040563653513857, -18.247442800499076 ], [ 143.040826849299577, -18.247396785273079 ], [ 143.041091301569367, -18.247357905622234 ], [ 143.041356800814469, -18.247326191777493 ], [ 143.041623131801913, -18.247301669515046 ], [ 143.041709159632632, -18.247295298297502 ], [ 143.064657498817979, -18.245694997550263 ], [ 143.064838415793332, -18.245684035209727 ], [ 143.065105764585809, -18.245673916372667 ], [ 143.065373306559536, -18.245671030136105 ], [ 143.065640827159712, -18.245675378811349 ], [ 143.065908111767754, -18.245686959291358 ], [ 143.066174945679762, -18.245705761244331 ], [ 143.066441116039755, -18.245731770706236 ], [ 143.066706409906118, -18.245764966488249 ], [ 143.066970614283576, -18.24580532288649 ], [ 143.067181985993471, -18.245842916901466 ], [ 143.075409384793517, -18.247398737708039 ], [ 143.075446208038159, -18.247382577527738 ], [ 143.07569184996828, -18.247281239965876 ], [ 143.075940394059785, -18.247186584416543 ], [ 143.076191641750995, -18.247098687095626 ], [ 143.076445392515978, -18.247017617917564 ], [ 143.076701441995567, -18.246943442322422 ], [ 143.076959585756811, -18.246876219428405 ], [ 143.077219616467801, -18.246816002965957 ], [ 143.07748132578817, -18.246762841257247 ], [ 143.077744505314257, -18.246716777205954 ], [ 143.078008943732357, -18.246677847424888 ], [ 143.078274428720022, -18.246646083118662 ], [ 143.078385438620217, -18.246634956294912 ], [ 143.085365089466421, -18.245975026077303 ], [ 143.085520397928889, -18.245961573387682 ], [ 143.085787336043552, -18.245944200595098 ], [ 143.08605468080296, -18.245934052562234 ], [ 143.086322219609855, -18.2459311370215 ], [ 143.086589737911993, -18.245935456307667 ], [ 143.086857020147363, -18.245947007347578 ], [ 143.087123854459804, -18.245965780705355 ], [ 143.087168964034078, -18.245969671972311 ], [ 143.090780833009205, -18.246289571116964 ], [ 143.091469331288948, -18.246124081678573 ], [ 143.091678416567873, -18.246076233891667 ], [ 143.091940118231861, -18.24602305385525 ], [ 143.092203290645529, -18.245976969500749 ], [ 143.092467722533257, -18.245938020166196 ], [ 143.092733201566915, -18.24590623616869 ], [ 143.092999516310471, -18.245881643299871 ], [ 143.093266451460863, -18.245864260167973 ], [ 143.093533795453538, -18.245854101728078 ], [ 143.093801332856657, -18.245851175751888 ], [ 143.094068849119139, -18.24585548458251 ], [ 143.094336131515746, -18.245867025124198 ], [ 143.094602964398916, -18.245885787087506 ], [ 143.094869135858971, -18.245911756529889 ], [ 143.094999881653848, -18.245927184990094 ], [ 143.099969622787285, -18.246547179361972 ], [ 143.100104172798183, -18.246564903090768 ], [ 143.100368381035793, -18.246605212458739 ], [ 143.100631289957448, -18.246652647777044 ], [ 143.100892688336415, -18.246707173425662 ], [ 143.101152367672597, -18.246768744722342 ], [ 143.1014101194109, -18.246837312469864 ], [ 143.101665736820877, -18.246912822032044 ], [ 143.101919016876195, -18.246995212409693 ], [ 143.102169754604489, -18.247084418109367 ], [ 143.102417750638921, -18.247180368157068 ], [ 143.102544264160372, -18.247232358356243 ], [ 143.106814081251997, -18.249022292358202 ], [ 143.106932624821383, -18.249072914548275 ], [ 143.107174547523471, -18.249182110002359 ], [ 143.107413139592524, -18.249297801619377 ], [ 143.107648209920683, -18.249419898469576 ], [ 143.107879569202055, -18.249548302377505 ], [ 143.1081070346807, -18.249682909676395 ], [ 143.108330421664675, -18.249823613108184 ], [ 143.108549552022907, -18.249970300826639 ], [ 143.108576215049709, -18.249988758728882 ], [ 143.113786077705328, -18.253608621033919 ], [ 143.11397412161142, -18.25374271004846 ], [ 143.114184225130828, -18.253901000479932 ], [ 143.114389557185802, -18.254064907952824 ], [ 143.114589952624641, -18.25423430061204 ], [ 143.114785250998324, -18.254409044744385 ], [ 143.114870860877744, -18.254488850145719 ], [ 143.123632783771853, -18.262760051611128 ], [ 143.123737228406924, -18.26286019404407 ], [ 143.123921885135502, -18.263045204060273 ], [ 143.124100988607836, -18.263235131866537 ], [ 143.124274395149143, -18.263429825506879 ], [ 143.124441966710606, -18.263629129349745 ], [ 143.124603567088116, -18.263832884129876 ], [ 143.124759067583483, -18.264040925982062 ], [ 143.124908345146622, -18.264253089171735 ], [ 143.125051278550103, -18.264469202524015 ], [ 143.125187753171161, -18.264689093887245 ], [ 143.125317660947672, -18.264912586520058 ], [ 143.125440896629669, -18.265139501842945 ], [ 143.125557362495329, -18.265369658482534 ], [ 143.125666964558576, -18.265602871410234 ], [ 143.125769614481669, -18.265838953727666 ], [ 143.12586523146652, -18.266077716645615 ], [ 143.125953738472674, -18.266318969525908 ], [ 143.126035064086608, -18.266562518054013 ], [ 143.126109142576581, -18.266808168754999 ], [ 143.126175916652045, -18.267055722639498 ], [ 143.126235329999531, -18.267304983416654 ], [ 143.126287337594164, -18.267555750152741 ], [ 143.126331896311683, -18.267807822795543 ], [ 143.126360964293298, -18.268006321909009 ], [ 143.132557752136876, -18.272772017499211 ], [ 143.134600808335449, -18.273962994163341 ], [ 143.134765431988455, -18.274061186342067 ], [ 143.137861085265541, -18.275950054172601 ], [ 143.140630322500641, -18.277250865764699 ], [ 143.141848458170728, -18.277546178958453 ], [ 143.142760894180583, -18.277550236048221 ], [ 143.149201306389102, -18.277345949781175 ], [ 143.149390561112511, -18.277341754956186 ], [ 143.149579865139458, -18.27734117991087 ], [ 143.151868709711948, -18.277356108589082 ], [ 143.15278234382626, -18.277217033462176 ], [ 143.152851987896213, -18.277207074047848 ], [ 143.165205149357547, -18.275321293103392 ], [ 143.166444222078923, -18.274275256333773 ], [ 143.166576009442366, -18.274166051459925 ], [ 143.166782192370846, -18.274003107869593 ], [ 143.166993119721326, -18.273845803909669 ], [ 143.167208620958831, -18.273694264348052 ], [ 143.167428525528237, -18.273548612146456 ], [ 143.167652655223492, -18.273408963127125 ], [ 143.167880831784629, -18.273275428596648 ], [ 143.168112871236332, -18.273148116313614 ], [ 143.168348589526857, -18.273027127714716 ], [ 143.168587796889142, -18.272912560688727 ], [ 143.168692715365808, -18.272864830901714 ], [ 143.17070265133313, -18.271964879594826 ], [ 143.170840236020155, -18.271904554211361 ], [ 143.171085841670106, -18.271803095555065 ], [ 143.171334353494188, -18.271708317934149 ], [ 143.171585572945446, -18.271620296758663 ], [ 143.1718392995204, -18.271539102041793 ], [ 143.172095328879266, -18.271464799324548 ], [ 143.172353456605066, -18.271397447826523 ], [ 143.17244862762908, -18.271374495473999 ], [ 143.175288501285422, -18.270704542965742 ], [ 143.175453347527622, -18.270667146550313 ], [ 143.175715046721336, -18.270613849886733 ], [ 143.175978220339033, -18.270567649677208 ], [ 143.176242657071498, -18.27052858264371 ], [ 143.176508144597591, -18.270496680100944 ], [ 143.176638459676468, -18.270483680360051 ], [ 143.180827749598052, -18.270093722483313 ], [ 143.180843805823116, -18.270092241299018 ], [ 143.186925071944131, -18.269536009106268 ], [ 143.192089558836841, -18.268670100618149 ], [ 143.193792544320644, -18.267968881305073 ], [ 143.193904401065424, -18.26792363427845 ], [ 143.194021530339711, -18.267877975313368 ], [ 143.199591328420325, -18.265748099997932 ], [ 143.199722686310366, -18.265698950010002 ], [ 143.199973879759909, -18.265610893869823 ], [ 143.200227579396739, -18.265529663733858 ], [ 143.200483583737963, -18.265455325138994 ], [ 143.200741687441223, -18.26538793734429 ], [ 143.201001683206499, -18.265327554212458 ], [ 143.201147194912608, -18.265296986597612 ], [ 143.203867069762026, -18.264747027670559 ], [ 143.203983237622253, -18.264724264586182 ], [ 143.20424639053752, -18.264678027145298 ], [ 143.204510807631095, -18.264638922580289 ], [ 143.204776276586074, -18.264606981332768 ], [ 143.205042585052212, -18.264582231135929 ], [ 143.205309520554493, -18.264564689789236 ], [ 143.205576867748249, -18.264554372416509 ], [ 143.205824855713473, -18.264551267664064 ], [ 143.207834752166889, -18.26455127843785 ], [ 143.20785431047517, -18.264551298355887 ], [ 143.208121840069282, -18.26455544432779 ], [ 143.208389140588366, -18.264566820744054 ], [ 143.20865599640382, -18.264585420156298 ], [ 143.208922194608846, -18.264611226053002 ], [ 143.209187522250744, -18.264644218311151 ], [ 143.209451766296723, -18.26468437048684 ], [ 143.209714715535483, -18.264731650696501 ], [ 143.209976158675346, -18.264786020735674 ], [ 143.210235887191317, -18.264847436949324 ], [ 143.210493692489109, -18.26491585026459 ], [ 143.210650591326043, -18.264961195094624 ], [ 143.216790295674599, -18.26679113573319 ], [ 143.216889073902649, -18.266821143404975 ], [ 143.217142419901649, -18.266903372284528 ], [ 143.217393229936675, -18.266992417541534 ], [ 143.217641300791428, -18.267088207470113 ], [ 143.217886436753616, -18.267190665761976 ], [ 143.218128438259441, -18.26729971073474 ], [ 143.218247637153127, -18.267356400667261 ], [ 143.221077024632905, -18.268725849506552 ], [ 143.221196503379474, -18.268784700242723 ], [ 143.22143166508468, -18.268906645859065 ], [ 143.221663120708399, -18.269034899426504 ], [ 143.221890684616511, -18.269169360138768 ], [ 143.222114174839618, -18.269309918114974 ], [ 143.222333413164677, -18.269456461624767 ], [ 143.222548222264692, -18.269608874411784 ], [ 143.222758432281381, -18.269767032907225 ], [ 143.222963872374606, -18.269930810844475 ], [ 143.223164380152781, -18.270100077342825 ], [ 143.223359794098485, -18.270274696092191 ], [ 143.223549957384421, -18.270454528018551 ], [ 143.223734718795754, -18.270639429466584 ], [ 143.223913928937009, -18.270829251340434 ], [ 143.224087444993586, -18.271023841758101 ], [ 143.224255127883964, -18.271223045181269 ], [ 143.224416843205319, -18.271426702404192 ], [ 143.22457246216706, -18.271634649639509 ], [ 143.224721858778139, -18.271846720357473 ], [ 143.224790072429329, -18.271948042339258 ], [ 143.226918485584861, -18.275156252738853 ], [ 143.229360013806712, -18.277467996847349 ], [ 143.229375931064084, -18.277483102901712 ], [ 143.235125880941098, -18.282952905783983 ], [ 143.235199917574647, -18.283024118020929 ], [ 143.23538470396727, -18.28320900522538 ], [ 143.235563940045807, -18.283398813184572 ], [ 143.235737482029407, -18.283593390038703 ], [ 143.235905190815942, -18.283792580260329 ], [ 143.236066932927201, -18.283996224643232 ], [ 143.236222576715733, -18.284204159443497 ], [ 143.236371999951416, -18.284416218097192 ], [ 143.236515080378695, -18.284632232234117 ], [ 143.236652436475765, -18.284853240628685 ], [ 143.237603206302879, -18.28643440976083 ], [ 143.237731807915111, -18.286655380498853 ], [ 143.237738694388611, -18.286668038796535 ], [ 143.237937247795912, -18.286778024225825 ], [ 143.238164846756376, -18.286912461475751 ], [ 143.238388373246011, -18.28705299629808 ], [ 143.238607646199142, -18.287199517917287 ], [ 143.238822492007131, -18.287351907341712 ], [ 143.239032737036212, -18.287510043774077 ], [ 143.239238214187424, -18.287673800018247 ], [ 143.239438757258824, -18.287843045254977 ], [ 143.239634207540092, -18.288017643158103 ], [ 143.239824407229548, -18.288197454681423 ], [ 143.240009205083282, -18.288382336185848 ], [ 143.240188451676545, -18.288572138591668 ], [ 143.240362004165576, -18.288766710032423 ], [ 143.240529723439721, -18.288965894985022 ], [ 143.240691475067052, -18.289169534258544 ], [ 143.240847130227991, -18.289377464079969 ], [ 143.240996562902325, -18.289589517933639 ], [ 143.24113965460802, -18.289805527408934 ], [ 143.241276290549905, -18.290025316825648 ], [ 143.241406359747344, -18.290248713168562 ], [ 143.241529760567659, -18.290475535183088 ], [ 143.241646391376179, -18.290705601614395 ], [ 143.241756160913127, -18.290938729279087 ], [ 143.24185898070678, -18.291174731347585 ], [ 143.24193442028573, -18.291360987837997 ], [ 143.243684863728419, -18.295828758695677 ], [ 143.250301047990632, -18.298123196586584 ], [ 143.25049148952246, -18.29819145894642 ], [ 143.25073962089175, -18.298287198828039 ], [ 143.250984816419617, -18.298389607503076 ], [ 143.251226880263772, -18.298498602381795 ], [ 143.251465618424646, -18.298614097240662 ], [ 143.251700839644144, -18.298735998598595 ], [ 143.25193235450692, -18.298864209340607 ], [ 143.252159980132575, -18.298998625952624 ], [ 143.252383531701128, -18.299139141331214 ], [ 143.252602830950934, -18.299285643779964 ], [ 143.252817703306818, -18.299438014333592 ], [ 143.25302797511381, -18.299596132210052 ], [ 143.253233479251548, -18.299759870227948 ], [ 143.253434050441939, -18.299929097571656 ], [ 143.253555688407289, -18.300037732730907 ], [ 143.255880731730684, -18.300568116057534 ], [ 143.256083296043187, -18.300616587511961 ], [ 143.256341166624452, -18.300684931046746 ], [ 143.256596908832108, -18.300760217507332 ], [ 143.256850318594559, -18.300842386082852 ], [ 143.257101193671588, -18.300931371425552 ], [ 143.257349330806107, -18.301027102781173 ], [ 143.25759453326458, -18.301129502093278 ], [ 143.257836604265265, -18.301238487693904 ], [ 143.258075349803022, -18.301353973366954 ], [ 143.258310578613788, -18.3014758656387 ], [ 143.25854210220993, -18.301604066487151 ], [ 143.258769734903439, -18.301738475148284 ], [ 143.258993294669352, -18.301878981782885 ], [ 143.259212603239433, -18.302025474701537 ], [ 143.259427483230439, -18.302177837688763 ], [ 143.259533663137603, -18.30225652294472 ], [ 143.264957832573913, -18.30633526523399 ], [ 143.264983339052179, -18.306332054961722 ], [ 143.265166690816983, -18.306310716426889 ], [ 143.265433044743304, -18.306285875225459 ], [ 143.265700026654514, -18.306268243286059 ], [ 143.265967424938509, -18.306257834857451 ], [ 143.266235024119425, -18.30625465791254 ], [ 143.266502609596671, -18.30625871499544 ], [ 143.266769968590523, -18.306270003210265 ], [ 143.267036885402433, -18.306288513374106 ], [ 143.267303147088228, -18.306314229949745 ], [ 143.267568540644731, -18.306347132885541 ], [ 143.267832852986231, -18.306387195809201 ], [ 143.268095872847141, -18.306434386908439 ], [ 143.268357388878997, -18.306488668050317 ], [ 143.268617192498766, -18.306549995650627 ], [ 143.268875075052023, -18.306618320707656 ], [ 143.269130829703954, -18.306693588779591 ], [ 143.26938425331852, -18.306775739059006 ], [ 143.269635140808674, -18.306864706246451 ], [ 143.269883292676951, -18.306960418654278 ], [ 143.270128509365719, -18.307062800080303 ], [ 143.270370595027458, -18.307171768859689 ], [ 143.27060935466443, -18.307287236092389 ], [ 143.270844598926942, -18.307409111005615 ], [ 143.271076138369381, -18.30753729560254 ], [ 143.27130378725596, -18.307671686423483 ], [ 143.271527363583914, -18.307812176352176 ], [ 143.271746689071847, -18.307958653712507 ], [ 143.271961586287716, -18.30811099959292 ], [ 143.272171885338111, -18.308269093186304 ], [ 143.272377415299502, -18.308432807375578 ], [ 143.272578013708966, -18.308602011330514 ], [ 143.272773518976209, -18.308776568791423 ], [ 143.272963774201116, -18.308956340733463 ], [ 143.273148628095498, -18.309141183549084 ], [ 143.273270795782423, -18.309269301095068 ], [ 143.279319418778186, -18.31573563514425 ], [ 143.305455546724687, -18.338429541192415 ], [ 143.305643957215921, -18.33859763587164 ], [ 143.305827498874379, -18.338770571895392 ], [ 143.306006036662865, -18.33894822265114 ], [ 143.306179437349613, -18.339130455182161 ], [ 143.307734710592541, -18.340810366118692 ], [ 143.307785353288097, -18.340842618125166 ], [ 143.307845514516231, -18.340881251847293 ], [ 143.308064909709032, -18.34102767808351 ], [ 143.308279879165894, -18.341179975405101 ], [ 143.308490249106285, -18.341338019477497 ], [ 143.308695852367521, -18.341501685886595 ], [ 143.30889652263437, -18.341670842982719 ], [ 143.309092101107126, -18.341845355412676 ], [ 143.30928242985749, -18.342025082393761 ], [ 143.309467357538807, -18.342209880354197 ], [ 143.309646734645668, -18.342399602087319 ], [ 143.309820418230117, -18.342594095791064 ], [ 143.309988269052837, -18.3427932041992 ], [ 143.310150152588676, -18.342996769085342 ], [ 143.310305939912467, -18.343204626735833 ], [ 143.310455504897817, -18.343416610693453 ], [ 143.31059872894582, -18.343632551700001 ], [ 143.31073549624449, -18.343852276850448 ], [ 143.310865698497196, -18.344075609535565 ], [ 143.310989230218439, -18.344302371305353 ], [ 143.311105993450241, -18.344532380908586 ], [ 143.3112158939675, -18.344765453435507 ], [ 143.311318844139095, -18.345001402089562 ], [ 143.311414761048695, -18.345240039113346 ], [ 143.311503567380242, -18.345481171261664 ], [ 143.311585193417898, -18.34572460790633 ], [ 143.311659573142975, -18.345970152051077 ], [ 143.311726646221473, -18.34621760753333 ], [ 143.311786359871917, -18.346466777194998 ], [ 143.311838665046139, -18.346717460219082 ], [ 143.311883521218391, -18.34696945658769 ], [ 143.311920892566405, -18.347222564418637 ], [ 143.311950747025804, -18.347476579976885 ], [ 143.311973062958259, -18.347731301206569 ], [ 143.311987820580271, -18.347986523318742 ], [ 143.311995009564839, -18.348242041408866 ], [ 143.311994623391513, -18.348497652331815 ], [ 143.311986663069206, -18.348753150140482 ], [ 143.31197113341355, -18.349008330647134 ], [ 143.311948048685423, -18.349262988645279 ], [ 143.311917425073148, -18.34951692161383 ], [ 143.311879289144343, -18.349769925098329 ], [ 143.311833671273774, -18.350021796403716 ], [ 143.311780227278945, -18.350273897270654 ], [ 143.315563344222028, -18.364946075192677 ], [ 143.315568540007206, -18.364966322111176 ], [ 143.315628268757905, -18.365215488790188 ], [ 143.315680588303479, -18.365466169063488 ], [ 143.31572545810684, -18.365718162915357 ], [ 143.315762842322698, -18.365971267562546 ], [ 143.315792708912255, -18.366225281981194 ], [ 143.315815036179515, -18.366480000504644 ], [ 143.315829804367723, -18.366735221054739 ], [ 143.315837003141581, -18.366990738728148 ], [ 143.315836625948634, -18.367246348574657 ], [ 143.315828673790605, -18.367501844648 ], [ 143.315813151500492, -18.367757024567343 ], [ 143.315789810327686, -18.368014162090784 ], [ 143.315170081222874, -18.37385168665298 ], [ 143.31852638604596, -18.383439229116121 ], [ 143.318603453778934, -18.383669576366923 ], [ 143.318677865937104, -18.383915114865886 ], [ 143.318744969999017, -18.384162564230543 ], [ 143.318804713170607, -18.384411728210733 ], [ 143.318836528029834, -18.384559646301703 ], [ 143.320086825492041, -18.390629551210274 ], [ 143.320107346683102, -18.390732311437063 ], [ 143.320152233813616, -18.39098430219093 ], [ 143.320189633388509, -18.391237404041181 ], [ 143.320219515247459, -18.391491415943236 ], [ 143.320241856736516, -18.391746132243895 ], [ 143.320256638087358, -18.39200135086687 ], [ 143.320263848954227, -18.392256866910326 ], [ 143.320263482762698, -18.392512474522317 ], [ 143.320256049558651, -18.392751580572615 ], [ 143.32062268515233, -18.393340331014588 ], [ 143.321081705210929, -18.393621103850368 ], [ 143.321286226873269, -18.39374980050728 ], [ 143.321505703894843, -18.393896202717261 ], [ 143.321720754518338, -18.394048474587574 ], [ 143.321931204945997, -18.394206495415865 ], [ 143.322136887915036, -18.394370138098026 ], [ 143.322337638003972, -18.394539271895088 ], [ 143.322533293500527, -18.394713760603985 ], [ 143.322723700221559, -18.394893465220409 ], [ 143.322908702975269, -18.395078242236647 ], [ 143.323088155008691, -18.39526794262289 ], [ 143.323261912368253, -18.395462414605703 ], [ 143.32342983577945, -18.395661502741785 ], [ 143.32359179159306, -18.395865047906351 ], [ 143.32374764798891, -18.396072886436251 ], [ 143.323897282568112, -18.396284851843507 ], [ 143.324040572905375, -18.396500775834024 ], [ 143.324177406882001, -18.396720482761804 ], [ 143.324307673359641, -18.396943799678418 ], [ 143.324431267710537, -18.397170545426601 ], [ 143.324548091926914, -18.397400538767904 ], [ 143.324658051758718, -18.397633596611151 ], [ 143.324761058581373, -18.397869532183133 ], [ 143.324857031287934, -18.398108155005371 ], [ 143.324945892565808, -18.39834927545575 ], [ 143.325027570716003, -18.398592699326869 ], [ 143.325101999713951, -18.398838232341326 ], [ 143.325169121077238, -18.399085678322457 ], [ 143.325228881003596, -18.399334837422767 ], [ 143.32528123140176, -18.399585512433923 ], [ 143.325326129782553, -18.399837500658951 ], [ 143.325363540289828, -18.400090600222217 ], [ 143.325393433700611, -18.400344610069375 ], [ 143.325415784514405, -18.400599324583599 ], [ 143.325430576738569, -18.400854541643795 ], [ 143.325437797181479, -18.401110056384059 ], [ 143.325437440206969, -18.401365662941934 ], [ 143.325429505890867, -18.401621158093871 ], [ 143.325414001852636, -18.401876336716633 ], [ 143.325390938561782, -18.402130994554447 ], [ 143.325360335935784, -18.402384926331791 ], [ 143.325322217724903, -18.402637930338205 ], [ 143.325276614277414, -18.402889802975114 ], [ 143.325223562600513, -18.40314034327125 ], [ 143.325163105378067, -18.403389350184991 ], [ 143.325095290982716, -18.403636623507399 ], [ 143.325020172554474, -18.403881965680011 ], [ 143.324937810826526, -18.404125180857065 ], [ 143.324848272209266, -18.404366073122471 ], [ 143.324751628850947, -18.404604451005287 ], [ 143.324647956660812, -18.40484012118128 ], [ 143.324642179168592, -18.404852725039916 ], [ 143.321249015396774, -18.412239344764284 ], [ 143.321144167548766, -18.412459515222974 ], [ 143.321026685489187, -18.412689208322082 ], [ 143.320902440233652, -18.412915636660497 ], [ 143.320771531500583, -18.41313861745973 ], [ 143.320634065693241, -18.413357972375163 ], [ 143.320490150198992, -18.413573525759265 ], [ 143.320339902862287, -18.413785105449115 ], [ 143.320183441565888, -18.413992541990577 ], [ 143.320020893691577, -18.414195668522723 ], [ 143.319852388575896, -18.414394322676493 ], [ 143.31967806128236, -18.414588345625525 ], [ 143.319498051655415, -18.41477758209766 ], [ 143.31931250241621, -18.414961879495142 ], [ 143.31912156487553, -18.415141090534515 ], [ 143.31892538946073, -18.415315072459169 ], [ 143.318724134206349, -18.415483685129285 ], [ 143.318684584769812, -18.415515707870057 ], [ 143.31018053763313, -18.422362613319745 ], [ 143.309853167463871, -18.426657238898645 ], [ 143.311979042237255, -18.430921814831784 ], [ 143.312006510877239, -18.430977403704112 ], [ 143.312116481524754, -18.431210466666158 ], [ 143.312219498574393, -18.431446407952045 ], [ 143.312315479007736, -18.431685036198754 ], [ 143.312404346451814, -18.431926161768299 ], [ 143.312486028256558, -18.432169590460674 ], [ 143.312560461231897, -18.432415127960013 ], [ 143.312627584054667, -18.432662578120691 ], [ 143.312687343879645, -18.432911741983411 ], [ 143.312739692579214, -18.433162419627482 ], [ 143.312784587701742, -18.433414411062319 ], [ 143.312821993381448, -18.433667513506624 ], [ 143.31285187945312, -18.433921525915306 ], [ 143.312874223271734, -18.434176243537884 ], [ 143.312889005976444, -18.434431461576931 ], [ 143.312896214419141, -18.43468697787419 ], [ 143.312895845811141, -18.434942586531349 ], [ 143.31288789737539, -18.435198082552308 ], [ 143.312872376742916, -18.435453260813173 ], [ 143.312849297257998, -18.435707918829195 ], [ 143.312818676001541, -18.435961850456231 ], [ 143.312780537684546, -18.43621485397238 ], [ 143.312734912671374, -18.436466725779411 ], [ 143.31268183798656, -18.436717264906722 ], [ 143.312621356332272, -18.43696627031359 ], [ 143.312553515154633, -18.437213541803782 ], [ 143.312478370452567, -18.437458881785631 ], [ 143.312395980142554, -18.437702094449726 ], [ 143.312306411604141, -18.437942983870425 ], [ 143.312209736063295, -18.43818135859058 ], [ 143.312106031358638, -18.438417026168409 ], [ 143.311995381055738, -18.438649797704503 ], [ 143.311877871608658, -18.438879487876452 ], [ 143.311801970913592, -18.439019621446544 ], [ 143.309885940902944, -18.442482578491965 ], [ 143.310300728290741, -18.443557273681094 ], [ 143.31039048352136, -18.443800688431601 ], [ 143.310472171191861, -18.444044118298283 ], [ 143.310546608559804, -18.444289656058537 ], [ 143.310613735244573, -18.444537105554996 ], [ 143.310673498422062, -18.444786269634349 ], [ 143.310725849003546, -18.445036947484155 ], [ 143.310770746427579, -18.445288939090627 ], [ 143.310808153892424, -18.445542042586954 ], [ 143.310838042141341, -18.445796054207129 ], [ 143.310860386672118, -18.446050771932892 ], [ 143.310875168623284, -18.446305990966721 ], [ 143.310882377661102, -18.446561507309532 ], [ 143.3108820072122, -18.446817115109113 ], [ 143.310874058309338, -18.447072611129347 ], [ 143.310858535745922, -18.447327790280927 ], [ 143.310835452831526, -18.447582447369864 ], [ 143.310804828589795, -18.44783637984132 ], [ 143.310766686751606, -18.44808938327569 ], [ 143.310721058642514, -18.448341254966369 ], [ 143.310667979397664, -18.448591793965903 ], [ 143.310607492657169, -18.448840798319033 ], [ 143.310539645895233, -18.44908806963581 ], [ 143.310464494169054, -18.449333410336241 ], [ 143.310382097268246, -18.449576622781798 ], [ 143.310292522589748, -18.449817511950144 ], [ 143.310195839460562, -18.450055885504241 ], [ 143.310101851823134, -18.450270226456528 ], [ 143.309417592219347, -18.451775996791696 ], [ 143.309510128125538, -18.452611665512201 ], [ 143.309517427971031, -18.452680078473449 ], [ 143.309539772689476, -18.45293479630184 ], [ 143.309554554518712, -18.45319001541883 ], [ 143.309561763125174, -18.453445531825302 ], [ 143.309562066750914, -18.45365062371561 ], [ 143.309550622492338, -18.454749011588952 ], [ 143.309698046861655, -18.45529373272289 ], [ 143.309749091846697, -18.455491194486893 ], [ 143.309795284779284, -18.455689741417938 ], [ 143.309836600524449, -18.455889264536566 ], [ 143.309873015851565, -18.456089655743021 ], [ 143.309931752658031, -18.456240811715443 ], [ 143.309985727653668, -18.456393575633371 ], [ 143.310129744690812, -18.456807066719577 ], [ 143.310201832780137, -18.457023058937448 ], [ 143.310276277618897, -18.457268596825461 ], [ 143.310343411225602, -18.457516045594552 ], [ 143.310403180782743, -18.457765208995053 ], [ 143.310455538142747, -18.458015886203597 ], [ 143.310500440846852, -18.458267877229918 ], [ 143.310537853023305, -18.458520979293084 ], [ 143.310567744501469, -18.458774991348285 ], [ 143.310590092632225, -18.459029708645335 ], [ 143.310604878563169, -18.459284927290149 ], [ 143.310612090053411, -18.459540442403924 ], [ 143.310611721510213, -18.459796050832416 ], [ 143.310608336638637, -18.459935090045636 ], [ 143.310490423778731, -18.463572488234394 ], [ 143.310495596811904, -18.463589551279 ], [ 143.310562734279841, -18.463836999514005 ], [ 143.310622507439149, -18.464086162417328 ], [ 143.310674868139216, -18.464336839165984 ], [ 143.31071977391872, -18.464588829770101 ], [ 143.310757188915431, -18.464841932352158 ], [ 143.310787083866614, -18.465095943146878 ], [ 143.310809433318269, -18.465350660148204 ], [ 143.310824221243109, -18.465605878524588 ], [ 143.310831434452354, -18.465861393409018 ], [ 143.310831067351785, -18.466117001647401 ], [ 143.310823119988868, -18.46637249730631 ], [ 143.310807600006001, -18.466627676165203 ], [ 143.310784517872463, -18.46688233306493 ], [ 143.310753893557631, -18.467136265439233 ], [ 143.310715750780219, -18.467389267965533 ], [ 143.310670119956455, -18.46764114065801 ], [ 143.310617038067107, -18.4678916789337 ], [ 143.310556547856521, -18.468140684461069 ], [ 143.310488697711577, -18.468387956129167 ], [ 143.31041354080034, -18.468633296380794 ], [ 143.310331137886948, -18.468876509371658 ], [ 143.310241555426956, -18.469117400090486 ], [ 143.31014486556748, -18.469355774358988 ], [ 143.310041144302886, -18.469591442467326 ], [ 143.309930475199991, -18.469824214612554 ], [ 143.30981294757791, -18.47005390634023 ], [ 143.309688654518709, -18.470280331342884 ], [ 143.309557695815471, -18.470503309553198 ], [ 143.309420177899739, -18.470722661725478 ], [ 143.309276208199719, -18.470938212214314 ], [ 143.309125904604144, -18.471149788859091 ], [ 143.308969385039973, -18.471357222208006 ], [ 143.308806776936336, -18.471560345402658 ], [ 143.308638209689803, -18.471758996979695 ], [ 143.30846381837739, -18.471953015406218 ], [ 143.308283742931224, -18.472142248122193 ], [ 143.308098127059026, -18.472326541618148 ], [ 143.307907119299415, -18.472505749551441 ], [ 143.307710872937406, -18.472679726424712 ], [ 143.307509545154574, -18.472848334822228 ], [ 143.307303297890911, -18.473011439076732 ], [ 143.307092296000491, -18.473168908904974 ], [ 143.306876707214883, -18.473320616698491 ], [ 143.306656705989525, -18.473466441993008 ], [ 143.306532574494895, -18.473544912615051 ], [ 143.305585097561504, -18.474133679612692 ], [ 143.29770287504715, -18.48160605076961 ], [ 143.296795210419873, -18.482615488173781 ], [ 143.292647105382031, -18.487249667245454 ], [ 143.290857284975431, -18.489671006505937 ], [ 143.289416391150979, -18.494188703292853 ], [ 143.289286542167957, -18.494665449476692 ], [ 143.289331690342294, -18.494918692101614 ], [ 143.28936908634941, -18.49517180088349 ], [ 143.28939896079055, -18.495425817182078 ], [ 143.289421288227743, -18.495680538986754 ], [ 143.289436052651638, -18.495935761462256 ], [ 143.289443240891984, -18.496191279738113 ], [ 143.289442847374488, -18.496446890657541 ], [ 143.289434872167732, -18.496702388284884 ], [ 143.289419322924516, -18.496957567495002 ], [ 143.289396210173294, -18.497212225836805 ], [ 143.289365553871932, -18.497466158034445 ], [ 143.289327377776885, -18.497719159668424 ], [ 143.289281712330649, -18.497971030753622 ], [ 143.289228594542095, -18.49822156670832 ], [ 143.28916806718405, -18.498470569202869 ], [ 143.289100178673323, -18.498717837128662 ], [ 143.289024982208332, -18.498963172931354 ], [ 143.288942538584962, -18.499206380770229 ], [ 143.288852914291454, -18.499447265638132 ], [ 143.288756181508603, -18.499685633361452 ], [ 143.288652416264739, -18.499921294235413 ], [ 143.288541702162064, -18.500154058462854 ], [ 143.28842412854371, -18.500383740692637 ], [ 143.288299788564615, -18.500610157333284 ], [ 143.288168782019255, -18.500833125615593 ], [ 143.288031215389992, -18.501052467205049 ], [ 143.287887196143458, -18.501268006464379 ], [ 143.287736842208574, -18.501479571242196 ], [ 143.287580271552116, -18.501686992095923 ], [ 143.287417611644628, -18.501890102177327 ], [ 143.287248991911952, -18.502088739130361 ], [ 143.287074547509405, -18.502282744142335 ], [ 143.286894418375397, -18.502471961955415 ], [ 143.286708747326202, -18.502656239986518 ], [ 143.286517685783593, -18.502835431871027 ], [ 143.286445235790865, -18.502900789891669 ], [ 143.284682015712178, -18.504474701569141 ], [ 143.283307954207345, -18.510436406969745 ], [ 143.281888216392133, -18.517469410176179 ], [ 143.279551338472004, -18.531217891276388 ], [ 143.27951102389278, -18.531437820686062 ], [ 143.279457887004241, -18.531688356641816 ], [ 143.279397339084881, -18.531937357099434 ], [ 143.279329427657217, -18.532184623671903 ], [ 143.279254207830405, -18.532429958783052 ], [ 143.279171740383219, -18.532673163884144 ], [ 143.279082089966153, -18.532914046701624 ], [ 143.278985328769068, -18.53315241216038 ], [ 143.278881534735433, -18.533388070534542 ], [ 143.278770790555853, -18.53362083294347 ], [ 143.27865318557366, -18.533850512231961 ], [ 143.278528812968574, -18.534076924810869 ], [ 143.278397773532134, -18.53429988970824 ], [ 143.278260170921754, -18.53451922772345 ], [ 143.278232266815309, -18.53456097787388 ], [ 143.278442331935764, -18.540113606857137 ], [ 143.27849724737311, -18.540182586611781 ], [ 143.278653205308643, -18.540390451052872 ], [ 143.27880293538675, -18.540602442421662 ], [ 143.278946315067031, -18.540818389694433 ], [ 143.279083232209757, -18.541038120818623 ], [ 143.279213575559936, -18.541261459214681 ], [ 143.279337240464145, -18.541488226416686 ], [ 143.279454128858617, -18.541718241169203 ], [ 143.279564146416902, -18.541951318558443 ], [ 143.279667204467529, -18.542187271795502 ], [ 143.279763221887663, -18.542425912193426 ], [ 143.27985212131594, -18.542667049212934 ], [ 143.279921526364092, -18.542873831181829 ], [ 143.291814146256485, -18.555041105796498 ], [ 143.300974565313737, -18.561407218787284 ], [ 143.301146425637995, -18.561529509085489 ], [ 143.301357083216544, -18.561687529843994 ], [ 143.301562968627508, -18.56185117242768 ], [ 143.301763915339706, -18.562020306109389 ], [ 143.301959764334526, -18.562194795554685 ], [ 143.302150357465251, -18.562374499999645 ], [ 143.302335543174934, -18.562559275890631 ], [ 143.302515171749775, -18.562748976038947 ], [ 143.302689100029141, -18.562943447756883 ], [ 143.3028571886137, -18.563142536504586 ], [ 143.30301930273933, -18.563346080459961 ], [ 143.303175313345349, -18.563553919537867 ], [ 143.303325094088365, -18.563765884587784 ], [ 143.303468526210168, -18.563981807269752 ], [ 143.303605493730458, -18.564201514693718 ], [ 143.303735888193643, -18.564424830264695 ], [ 143.303859604905369, -18.564651575535127 ], [ 143.30397654292068, -18.564881569301722 ], [ 143.304086610713085, -18.565114626632965 ], [ 143.304189719570843, -18.565350560756126 ], [ 143.304285786437561, -18.565589183022531 ], [ 143.304374733912368, -18.565830302907521 ], [ 143.304456492131663, -18.566073727084152 ], [ 143.304530994981576, -18.566319259469413 ], [ 143.304598182028343, -18.566566703910325 ], [ 143.304658000399968, -18.566815863257609 ], [ 143.304710400962477, -18.567066536702736 ], [ 143.304755343115062, -18.567318524235397 ], [ 143.30479279096636, -18.567571623980534 ], [ 143.304822712387391, -18.567825632209857 ], [ 143.304845085688896, -18.568080346873149 ], [ 143.304859599214865, -18.568328859416415 ], [ 143.305374304055334, -18.580046017479805 ], [ 143.305549229231815, -18.580155672134108 ], [ 143.305768952931714, -18.580302065320936 ], [ 143.305984243734059, -18.580454328300004 ], [ 143.306194930487294, -18.580612340341546 ], [ 143.306400844793785, -18.580775974360211 ], [ 143.306601821046144, -18.580945099624188 ], [ 143.306718281722652, -18.58104764308256 ], [ 143.309108251150747, -18.583187563073849 ], [ 143.309187668773944, -18.583259499591318 ], [ 143.309378295642233, -18.58343919296663 ], [ 143.30956351284442, -18.583623958057021 ], [ 143.309743173481593, -18.58381364764772 ], [ 143.309917133432748, -18.584008109974153 ], [ 143.310085253236679, -18.584207187795474 ], [ 143.310247398152796, -18.58441072291 ], [ 143.310403439047377, -18.584618551628036 ], [ 143.310553249588935, -18.58483050751596 ], [ 143.310696710983422, -18.585046421338049 ], [ 143.310748521616915, -18.585129508034402 ], [ 143.314007911339388, -18.587585841507188 ], [ 143.314094786579119, -18.587652103850719 ], [ 143.314300716676115, -18.587815727370806 ], [ 143.314501707874342, -18.587984842345591 ], [ 143.314697601119747, -18.588159313455463 ], [ 143.314888238230026, -18.588338999951333 ], [ 143.315073467613161, -18.588523758293864 ], [ 143.315253139520252, -18.588713441308553 ], [ 143.315322199046108, -18.58878930273649 ], [ 143.324152224561146, -18.598597852212066 ], [ 143.328419197243335, -18.603306110004866 ], [ 143.328544166389861, -18.603446878377866 ], [ 143.328712327689288, -18.603645934721708 ], [ 143.328874514987007, -18.603849448950715 ], [ 143.329030596274777, -18.604057257427083 ], [ 143.329180448976302, -18.604269193686658 ], [ 143.329323950476322, -18.604485088556228 ], [ 143.329460988526534, -18.604704769121351 ], [ 143.329591451774348, -18.604928058843576 ], [ 143.329715235470388, -18.605154779296122 ], [ 143.329832241456245, -18.605384749260782 ], [ 143.329897237906721, -18.605522013640893 ], [ 143.330040695040339, -18.60568231677258 ], [ 143.330208860433231, -18.605881371302786 ], [ 143.330371051798153, -18.606084883769 ], [ 143.330527137123596, -18.606292690534787 ], [ 143.330676993830082, -18.606504625137397 ], [ 143.330820499299051, -18.606720518404945 ], [ 143.330957541279076, -18.606940197424251 ], [ 143.331088008414355, -18.607163485658134 ], [ 143.331211795964833, -18.607390205584053 ], [ 143.331328805731943, -18.607620173275777 ], [ 143.331438943328578, -18.607853206565995 ], [ 143.331542119974472, -18.60808911779834 ], [ 143.331638254464764, -18.60832771922221 ], [ 143.331727269307407, -18.608568817621308 ], [ 143.331809092728577, -18.60881222241763 ], [ 143.331883658549458, -18.609057736640828 ], [ 143.331950908191516, -18.609305165032239 ], [ 143.332010787748942, -18.609554307758604 ], [ 143.332063249022269, -18.609804966721704 ], [ 143.33210824945661, -18.610056941043052 ], [ 143.332145753113878, -18.610310028858187 ], [ 143.332175730660339, -18.610564026413634 ], [ 143.33218659327423, -18.610676729339961 ], [ 143.332683390036806, -18.61621117149431 ], [ 143.332694954676157, -18.616353173675229 ], [ 143.332709815087242, -18.616608381587703 ], [ 143.332717094303462, -18.6168638885141 ], [ 143.332716786641072, -18.617119488598252 ], [ 143.332708892135969, -18.617374978621783 ], [ 143.332703095473875, -18.617485971331092 ], [ 143.332652643343749, -18.618345469241593 ], [ 143.313736845613647, -18.617335227649146 ], [ 143.31374986855846, -18.617113793358008 ], [ 143.313557894492618, -18.614972594109386 ], [ 143.31353476399039, -18.614927124336173 ], [ 143.313430064351991, -18.614705974088853 ], [ 143.313142425917732, -18.614075976896331 ], [ 143.309807802914122, -18.610396179091005 ], [ 143.30978776412681, -18.610373993621248 ], [ 143.301543956769223, -18.60121598124184 ], [ 143.297350498456211, -18.598055556122439 ], [ 143.297263623013976, -18.597989285984994 ], [ 143.29705769357551, -18.59782564354251 ], [ 143.296856704671285, -18.597656509480416 ], [ 143.296660815381586, -18.597482020067176 ], [ 143.296470183873737, -18.597302314292563 ], [ 143.296284961743709, -18.597117535743031 ], [ 143.296105298763678, -18.596927833446983 ], [ 143.295931338110279, -18.59673335922318 ], [ 143.295763219217861, -18.596534268549195 ], [ 143.295601076831559, -18.596330720572826 ], [ 143.295445040072224, -18.596122879026659 ], [ 143.295295235241383, -18.595910909484168 ], [ 143.295151781134393, -18.595694983029667 ], [ 143.295014793715126, -18.59547527168511 ], [ 143.294884381429284, -18.595251952080101 ], [ 143.294860505199722, -18.595208197183648 ], [ 143.294425901451348, -18.594819042508398 ], [ 143.29402310156209, -18.594578608456032 ], [ 143.291951478208318, -18.593411679548566 ], [ 143.291906267615133, -18.593386050537561 ], [ 143.291678201756866, -18.593251730935368 ], [ 143.291454213907855, -18.593111310681373 ], [ 143.291234483658371, -18.592964901410696 ], [ 143.291019185957936, -18.592812622041535 ], [ 143.29080849483114, -18.592654593310463 ], [ 143.290602577755521, -18.592490942356946 ], [ 143.29040160036061, -18.592321799956402 ], [ 143.290205724557921, -18.592147302349396 ], [ 143.290015104716446, -18.591967588578335 ], [ 143.289829896210392, -18.591782802189986 ], [ 143.289650245960445, -18.591593092253596 ], [ 143.289476298080103, -18.591398610582548 ], [ 143.289308191993541, -18.591199512660332 ], [ 143.289146061488537, -18.590995957652073 ], [ 143.288990038516857, -18.590788109261428 ], [ 143.288840245581525, -18.590576133113441 ], [ 143.288696805255739, -18.590360200251617 ], [ 143.288559829704894, -18.590140482749106 ], [ 143.288429430205611, -18.589917157205861 ], [ 143.288305711427029, -18.589690402108399 ], [ 143.288188771443146, -18.589460398732783 ], [ 143.288078704585956, -18.589227332013152 ], [ 143.287975599527329, -18.588991388758501 ], [ 143.28787953738501, -18.588752757675632 ], [ 143.287790595510899, -18.588511629323072 ], [ 143.287708845621182, -18.588268197940216 ], [ 143.287634353736053, -18.588022656931827 ], [ 143.287567178370239, -18.587775205212616 ], [ 143.287507373265584, -18.587526039044882 ], [ 143.287454986540752, -18.58727535927471 ], [ 143.287410060618896, -18.587023365913357 ], [ 143.28737263132885, -18.586770261761096 ], [ 143.287356204247885, -18.586638816199038 ], [ 143.287271777974695, -18.585918360142923 ], [ 143.286729616534188, -18.583642417601943 ], [ 143.286704071025582, -18.583531977883158 ], [ 143.286651687366543, -18.583281297533215 ], [ 143.286606764349898, -18.583029303641528 ], [ 143.286569337790183, -18.58277619810573 ], [ 143.286539436895936, -18.582522184709251 ], [ 143.286517087062748, -18.582267465474537 ], [ 143.286502595446876, -18.582018949112676 ], [ 143.286126607095554, -18.573438806941528 ], [ 143.279927711003722, -18.569130568933737 ], [ 143.279755856200438, -18.569008258547512 ], [ 143.279545205868772, -18.56885021257014 ], [ 143.279339329420395, -18.568686544675039 ], [ 143.279138392452211, -18.568517385651258 ], [ 143.278942556843134, -18.568342871752698 ], [ 143.278751976930295, -18.568163142034642 ], [ 143.278578365652891, -18.567990184546655 ], [ 143.264380820757282, -18.553463662489627 ], [ 143.264369266082895, -18.553451816890703 ], [ 143.264189685421684, -18.553262074629536 ], [ 143.264015807726395, -18.553067561437004 ], [ 143.263847771406233, -18.552868431930108 ], [ 143.263685711175839, -18.552664847996283 ], [ 143.263529756054538, -18.552456970688159 ], [ 143.263380032290286, -18.552244966511154 ], [ 143.26323665861338, -18.552029006577033 ], [ 143.263099750923288, -18.551809262934722 ], [ 143.262969417601937, -18.551585912239368 ], [ 143.262845764212443, -18.551359132986263 ], [ 143.262728888776593, -18.551129106470597 ], [ 143.262618885574454, -18.550896017645108 ], [ 143.262571020331848, -18.550786409022365 ], [ 143.262551655527858, -18.550771009607555 ], [ 143.262350756096453, -18.550601828363153 ], [ 143.262154958122636, -18.5504272917874 ], [ 143.261964415937513, -18.550247540758907 ], [ 143.26177928485248, -18.550062718854708 ], [ 143.261599711702502, -18.54987297336675 ], [ 143.26142584053926, -18.549678456136871 ], [ 143.261257810749242, -18.549479324482515 ], [ 143.261095756047467, -18.549275736692501 ], [ 143.260939808324338, -18.549067856497093 ], [ 143.26079009003513, -18.548855850449385 ], [ 143.260646723668714, -18.548639887811778 ], [ 143.260509821343902, -18.548420141583847 ], [ 143.260379494278141, -18.548196788388776 ], [ 143.260255847082647, -18.547970006735191 ], [ 143.260138977774261, -18.547739977920205 ], [ 143.260028980628164, -18.547506886898397 ], [ 143.259925944260289, -18.547270920498256 ], [ 143.259829949721791, -18.547032266541706 ], [ 143.259741074346209, -18.546791118314182 ], [ 143.259659389748577, -18.54654766645935 ], [ 143.259584961944569, -18.546302108010064 ], [ 143.259517849361742, -18.54605463918622 ], [ 143.259458105704084, -18.545805457166804 ], [ 143.259405779040748, -18.545554762810593 ], [ 143.259360911746796, -18.545302756140554 ], [ 143.259323539592287, -18.545049639064452 ], [ 143.259293691742158, -18.54479561537482 ], [ 143.25927139354954, -18.54454088710251 ], [ 143.259256660934142, -18.544285659100186 ], [ 143.259249506962874, -18.544030135350535 ], [ 143.259249937151083, -18.543774521732253 ], [ 143.259257951297485, -18.543519021481806 ], [ 143.259273541649577, -18.543263839731647 ], [ 143.259296697614388, -18.543009181647278 ], [ 143.259308273606081, -18.542905818972024 ], [ 143.259527759791439, -18.541047327303268 ], [ 143.259175574655188, -18.53171053715521 ], [ 143.259170197470155, -18.531499057732791 ], [ 143.259170629936904, -18.531243443793318 ], [ 143.259178645807594, -18.530987943284185 ], [ 143.259194237328416, -18.530732761338037 ], [ 143.25921739389355, -18.53047810221744 ], [ 143.259248095441478, -18.530224171200409 ], [ 143.259286318076391, -18.529971169996912 ], [ 143.259332031299294, -18.529719302201428 ], [ 143.259385197948859, -18.529468768777505 ], [ 143.259445775183679, -18.529219770755709 ], [ 143.259513714470785, -18.528972508330533 ], [ 143.259588962508758, -18.5287271790429 ], [ 143.259671458399254, -18.528483978717212 ], [ 143.259761135564673, -18.528243103244996 ], [ 143.259857921688621, -18.528004744069374 ], [ 143.259961740692887, -18.527769094484153 ], [ 143.260072508831627, -18.527536340648144 ], [ 143.260190136703869, -18.527306670593575 ], [ 143.260314531063813, -18.52708026788175 ], [ 143.260445592004629, -18.526857313443283 ], [ 143.260583212970317, -18.526637986481244 ], [ 143.26072728640051, -18.526422461693908 ], [ 143.260877694310921, -18.526210913000529 ], [ 143.261034318647859, -18.526003508901262 ], [ 143.261197031868676, -18.525800416202863 ], [ 143.261311810771929, -18.525665258694762 ], [ 143.263220038373134, -18.514445835678785 ], [ 143.263260373747698, -18.514225907559695 ], [ 143.263268846361569, -18.514183413944146 ], [ 143.264739242117116, -18.506903443920642 ], [ 143.264783925485347, -18.506695403653886 ], [ 143.264789344149648, -18.506671754935052 ], [ 143.266822319142449, -18.497855304843 ], [ 143.266877462295611, -18.497629954746902 ], [ 143.266945383448785, -18.497382691374106 ], [ 143.267020612018115, -18.49713736099244 ], [ 143.267103087121114, -18.496894159427242 ], [ 143.267192741238432, -18.496653281679318 ], [ 143.267289504946916, -18.496414921868183 ], [ 143.267393299299556, -18.496179269710506 ], [ 143.267504041564536, -18.495946514967553 ], [ 143.267621642326077, -18.495716842963713 ], [ 143.267746008359978, -18.495490437261875 ], [ 143.267877038859382, -18.495267480611922 ], [ 143.26801463011995, -18.495048151281601 ], [ 143.268158671777655, -18.494832624908224 ], [ 143.268309046796929, -18.49462107359556 ], [ 143.268465636215353, -18.494413666760284 ], [ 143.268628314410961, -18.494210571188738 ], [ 143.268796951918176, -18.494011949196771 ], [ 143.268971411653609, -18.493817959578294 ], [ 143.269151554595339, -18.493628757537191 ], [ 143.269337236955209, -18.493444495624594 ], [ 143.269528310143102, -18.493265321029615 ], [ 143.269600763696815, -18.493199968273519 ], [ 143.270295514021683, -18.492579887264096 ], [ 143.270335224426105, -18.492416596935907 ], [ 143.270366287159732, -18.49229995106483 ], [ 143.271146437636077, -18.489449973068439 ], [ 143.271183289738843, -18.489319353982285 ], [ 143.271249532202205, -18.489101995657187 ], [ 143.273189344923622, -18.483022056389807 ], [ 143.273198321139517, -18.482994082552597 ], [ 143.273280782796093, -18.48275088053251 ], [ 143.273370423845051, -18.482510001238538 ], [ 143.273467172993264, -18.482271639717251 ], [ 143.273570951305487, -18.482035985686714 ], [ 143.273681677943074, -18.481803227983878 ], [ 143.27379926352657, -18.481573553741029 ], [ 143.273923612005206, -18.481347146556939 ], [ 143.274054626347635, -18.481124187331766 ], [ 143.274192200035628, -18.480904855272509 ], [ 143.274336222719256, -18.480689326018688 ], [ 143.274486579270388, -18.480477771653696 ], [ 143.274509949729492, -18.480446015489392 ], [ 143.277430067582998, -18.476496123423573 ], [ 143.277558443265633, -18.47632667079829 ], [ 143.277690894930544, -18.476160099208446 ], [ 143.277827352744623, -18.475996497100788 ], [ 143.277967742155397, -18.475835953881958 ], [ 143.282407838376685, -18.470876114055145 ], [ 143.282421750206538, -18.470860608457635 ], [ 143.283581775484123, -18.469570650141414 ], [ 143.283747766313013, -18.469390942459501 ], [ 143.283918693683205, -18.469215498963454 ], [ 143.284094436159648, -18.469044442138944 ], [ 143.29160626298318, -18.461923892490969 ], [ 143.291627471615925, -18.461271882411928 ], [ 143.291601402893406, -18.461194181312777 ], [ 143.291526981411067, -18.460948634354835 ], [ 143.291459872077667, -18.460701176188536 ], [ 143.291400127648217, -18.460452003995805 ], [ 143.291347797139082, -18.460201318616086 ], [ 143.291302921036362, -18.459949320088004 ], [ 143.291265536063747, -18.459696210301399 ], [ 143.291250852376379, -18.459579376818244 ], [ 143.291205527544179, -18.459197721862708 ], [ 143.290911257450603, -18.458109991798302 ], [ 143.290880001857204, -18.45799113296237 ], [ 143.290820260609706, -18.457741961219295 ], [ 143.29076793125995, -18.45749127454037 ], [ 143.290723057179349, -18.457239276542602 ], [ 143.290685674107692, -18.456986166418304 ], [ 143.290655811219352, -18.456732147954526 ], [ 143.290633493914754, -18.456477425886387 ], [ 143.290618738094253, -18.45622220235327 ], [ 143.290611556854657, -18.455966682237285 ], [ 143.290611275424794, -18.455761587898042 ], [ 143.290629917137636, -18.453990989146135 ], [ 143.29033339705822, -18.451310514469533 ], [ 143.290326104855353, -18.451242099921188 ], [ 143.29030378875521, -18.450987376656656 ], [ 143.290289035807518, -18.450732152846378 ], [ 143.290281856268592, -18.45047663340701 ], [ 143.290282256585272, -18.450221021493853 ], [ 143.290290235669602, -18.449965523062048 ], [ 143.290305788624408, -18.449710342305401 ], [ 143.290328901101446, -18.449455684434195 ], [ 143.290359556824001, -18.449201751971366 ], [ 143.290397729130433, -18.448948749370892 ], [ 143.290443387550283, -18.44869687932535 ], [ 143.29049649687019, -18.448446343680455 ], [ 143.290557013324729, -18.448197341674611 ], [ 143.290624889388113, -18.447950074397255 ], [ 143.290700069905256, -18.447704738512911 ], [ 143.290782494068139, -18.447461532559988 ], [ 143.290872097200975, -18.44722064880014 ], [ 143.290968807094771, -18.446982282294933 ], [ 143.291062818341686, -18.446767948361849 ], [ 143.291229082389862, -18.446402166757228 ], [ 143.290666618909199, -18.444944407132635 ], [ 143.290576889574396, -18.444700979181771 ], [ 143.290495228525714, -18.444457538617669 ], [ 143.290420818637983, -18.444211989868386 ], [ 143.290353720217098, -18.443964529123292 ], [ 143.290293986045469, -18.443715356274929 ], [ 143.290241665095152, -18.443464669454702 ], [ 143.290196797856794, -18.443212669605469 ], [ 143.290159421046866, -18.442959558618128 ], [ 143.290129563834938, -18.442705540280418 ], [ 143.290107250634492, -18.442450816630231 ], [ 143.290092500216758, -18.442195592482499 ], [ 143.29008532282424, -18.441940071850983 ], [ 143.290085724937853, -18.441684460600538 ], [ 143.290093705432412, -18.441428961977209 ], [ 143.290109259421484, -18.441173781078028 ], [ 143.290132373502331, -18.440919123101981 ], [ 143.290163028558993, -18.440665190606381 ], [ 143.290201200768365, -18.440412188010928 ], [ 143.290246858713857, -18.440160318019636 ], [ 143.290299967170398, -18.439909781575089 ], [ 143.290360482409369, -18.439660780624898 ], [ 143.290428356857973, -18.439413512645995 ], [ 143.290503535410352, -18.439168177915114 ], [ 143.290585957212215, -18.438924971358102 ], [ 143.290675557637542, -18.438684088848767 ], [ 143.290772264443547, -18.438445722739107 ], [ 143.290875999687529, -18.438210063642682 ], [ 143.290986680673001, -18.437977300423235 ], [ 143.291104218057399, -18.437747620217586 ], [ 143.291180136127196, -18.437607494042876 ], [ 143.292849815668973, -18.434590481558285 ], [ 143.291689267236876, -18.43226184515877 ], [ 143.29166180358186, -18.432206252666372 ], [ 143.291551858301744, -18.43197317400152 ], [ 143.291448868692726, -18.431737219327374 ], [ 143.291352915769778, -18.431498576456569 ], [ 143.291264076821136, -18.431257437762472 ], [ 143.291182423468257, -18.43101399658963 ], [ 143.291108021665877, -18.430768447253715 ], [ 143.291040929821833, -18.43052098596738 ], [ 143.290981201659406, -18.43027181261218 ], [ 143.290928885187753, -18.430021124428244 ], [ 143.290884022821501, -18.429769125045247 ], [ 143.290846650291144, -18.429516013656571 ], [ 143.290816796774862, -18.429261994953379 ], [ 143.290794487629313, -18.429007270962423 ], [ 143.290779738784721, -18.428752046533152 ], [ 143.290772563320189, -18.428496525645315 ], [ 143.290772966768941, -18.428240914175394 ], [ 143.290780948950953, -18.427985415358165 ], [ 143.290796664179425, -18.427728107944443 ], [ 143.291347224744044, -18.420515966382094 ], [ 143.291362026485018, -18.420344589029902 ], [ 143.291380244485055, -18.420173512775943 ], [ 143.291401871020241, -18.420002798230687 ], [ 143.292108154558662, -18.414840301726606 ], [ 143.292145119651849, -18.414596129206569 ], [ 143.29219077334298, -18.414344259161744 ], [ 143.29224387546796, -18.41409372272205 ], [ 143.292304383249558, -18.413844721823668 ], [ 143.292372248174786, -18.413597453954949 ], [ 143.292447417036954, -18.413352119369698 ], [ 143.292529828989728, -18.413108912993671 ], [ 143.292619417523326, -18.412868030723377 ], [ 143.292716110404655, -18.412629664910636 ], [ 143.292819831593647, -18.41239400614597 ], [ 143.292930497458968, -18.412161243304279 ], [ 143.293048018670305, -18.41193156352211 ], [ 143.293172302066722, -18.411705150368572 ], [ 143.293303247830409, -18.411482184782784 ], [ 143.293440749498899, -18.411262845977014 ], [ 143.293584699605447, -18.411047308658883 ], [ 143.293734980266521, -18.410835746758071 ], [ 143.293891473528646, -18.410628328785162 ], [ 143.294054051955612, -18.410425221558373 ], [ 143.294222586161425, -18.410226587402899 ], [ 143.294396941037661, -18.410032585099806 ], [ 143.294576976699943, -18.409843369874583 ], [ 143.294762549445863, -18.409659094288958 ], [ 143.294953510772956, -18.409479905543062 ], [ 143.295149707390863, -18.409305946378563 ], [ 143.295350982191167, -18.40913735687354 ], [ 143.295557173265621, -18.408974271744661 ], [ 143.295768115822, -18.408816822130586 ], [ 143.295983642148343, -18.40866513288271 ], [ 143.296203577888519, -18.408519327126495 ], [ 143.296427747646646, -18.408379520774346 ], [ 143.296655972184851, -18.408245825269223 ], [ 143.296888068435209, -18.408118348487818 ], [ 143.297123850421855, -18.407997192923041 ], [ 143.297363129236828, -18.4078824538778 ], [ 143.297605713112063, -18.407774224883727 ], [ 143.297851407347281, -18.407672592282612 ], [ 143.298100017172203, -18.407577636998315 ], [ 143.298351341135884, -18.407489435520052 ], [ 143.298605178651201, -18.407408058004712 ], [ 143.29886132718056, -18.407333570117387 ], [ 143.299119581265899, -18.407266031236713 ], [ 143.29937973348629, -18.407205495346588 ], [ 143.29964157635024, -18.407152011013249 ], [ 143.299690885024461, -18.407142763811322 ], [ 143.299747055548949, -18.407132376741991 ], [ 143.304710527716168, -18.403136408764098 ], [ 143.301955314764569, -18.398711330263847 ], [ 143.301887790296945, -18.398601109402524 ], [ 143.301757549393898, -18.398377774986024 ], [ 143.301633980964738, -18.398151011331297 ], [ 143.301517185801544, -18.397920999686722 ], [ 143.301407255282641, -18.397687925027331 ], [ 143.30130427797036, -18.397451974168394 ], [ 143.3012083367733, -18.397213335799719 ], [ 143.301119508946357, -18.396972200485585 ], [ 143.30103786422282, -18.396728762493808 ], [ 143.30096346853847, -18.396483215234372 ], [ 143.300896382223698, -18.396235757603986 ], [ 143.300836658003561, -18.395986585881058 ], [ 143.300784344877968, -18.395735900904644 ], [ 143.300739483319717, -18.395483902713032 ], [ 143.30070210910668, -18.395230794110326 ], [ 143.300672254207882, -18.394976776139501 ], [ 143.300649940233598, -18.394722053581052 ], [ 143.300635186889593, -18.394466830334434 ], [ 143.300628004433207, -18.394211311315896 ], [ 143.30062839931341, -18.39395569968039 ], [ 143.300636370446995, -18.393700201382881 ], [ 143.30065191295472, -18.39344502152014 ], [ 143.300675012461539, -18.393190362593241 ], [ 143.300705652748405, -18.392936430737617 ], [ 143.300743807130914, -18.392683427698241 ], [ 143.300789445153015, -18.392431556168088 ], [ 143.300842531641223, -18.392181019799541 ], [ 143.300903022837048, -18.391932016928543 ], [ 143.300970871234625, -18.391684748645247 ], [ 143.301001014327198, -18.391586343485386 ], [ 143.300389048468844, -18.388613837730521 ], [ 143.296581776282125, -18.377734807620406 ], [ 143.296504740348411, -18.377504447785526 ], [ 143.296430362435586, -18.377258897584873 ], [ 143.296363293153235, -18.377011435461689 ], [ 143.296303585248893, -18.376762260406498 ], [ 143.296251286751328, -18.376511572369342 ], [ 143.296206440012952, -18.376259571368106 ], [ 143.2961690807997, -18.376006460209108 ], [ 143.296139239177506, -18.375752439960277 ], [ 143.296116937704056, -18.375497716295477 ], [ 143.296102195105163, -18.375242491321092 ], [ 143.296095023520763, -18.374986969931854 ], [ 143.29609542846913, -18.374731357101517 ], [ 143.296103409804971, -18.374475858774556 ], [ 143.296118960713841, -18.374220677362064 ], [ 143.296142331084781, -18.373963539095868 ], [ 143.29680287889235, -18.367748014975923 ], [ 143.292779704350039, -18.352141373923018 ], [ 143.292744160394705, -18.351998238823391 ], [ 143.29271119142058, -18.351854542507905 ], [ 143.292349514067411, -18.351463849794257 ], [ 143.266231612415197, -18.32878461442073 ], [ 143.266052438354649, -18.328624894619487 ], [ 143.265877658425808, -18.32846079306228 ], [ 143.26570738948331, -18.328292422183541 ], [ 143.265541747410992, -18.328119892622965 ], [ 143.262481372612825, -18.324848055446957 ], [ 143.259539949852666, -18.32497005158546 ], [ 143.259380834598915, -18.324975368224973 ], [ 143.259113205376025, -18.324978538687276 ], [ 143.258845589029335, -18.324974474362492 ], [ 143.258578201266374, -18.324963178112434 ], [ 143.258311254105934, -18.324944660069924 ], [ 143.258044963396344, -18.324918933936704 ], [ 143.257779541297026, -18.324886020685554 ], [ 143.257515200983107, -18.324845946698034 ], [ 143.25725215475407, -18.324798743786886 ], [ 143.256990611208408, -18.32474445013273 ], [ 143.256730781851161, -18.324683109302594 ], [ 143.256472874474412, -18.324614770328203 ], [ 143.25621709599406, -18.324539487672439 ], [ 143.255963650570123, -18.324457322154807 ], [ 143.25571274052885, -18.324368339133951 ], [ 143.255464569211256, -18.324272609377218 ], [ 143.255219333431199, -18.324170210956364 ], [ 143.254977230048098, -18.324061225556711 ], [ 143.254738453141471, -18.323945739413787 ], [ 143.254503194046038, -18.32382384602268 ], [ 143.254271641316507, -18.323695643428596 ], [ 143.254043980715693, -18.323561233323716 ], [ 143.253820394292433, -18.323420722864551 ], [ 143.253601060404662, -18.323274226478148 ], [ 143.253386156474505, -18.323121859506657 ], [ 143.253175853419634, -18.322963746402412 ], [ 143.252970319318848, -18.322800011651942 ], [ 143.252769719505494, -18.322630787000932 ], [ 143.252574214629476, -18.322456207864008 ], [ 143.25238396162618, -18.322276415119713 ], [ 143.252199112735838, -18.322091552412282 ], [ 143.252019815515069, -18.32190176705468 ], [ 143.251846213794295, -18.32170721092049 ], [ 143.251678446743796, -18.321508041358182 ], [ 143.251516647869579, -18.321304416686534 ], [ 143.251360948854312, -18.321096500665544 ], [ 143.251211471957532, -18.32088445987636 ], [ 143.251068339471516, -18.320668463609483 ], [ 143.250931663331528, -18.320448684890703 ], [ 143.250801554571865, -18.320225300369355 ], [ 143.250678117628865, -18.319998488579024 ], [ 143.250561450352706, -18.319768430840536 ], [ 143.250451646855879, -18.319535312131645 ], [ 143.250410170653652, -18.319440145951692 ], [ 143.250149081703086, -18.319471621073856 ], [ 143.249882703084154, -18.319496443317199 ], [ 143.249615696787799, -18.31951405545967 ], [ 143.249348274510567, -18.319524443256732 ], [ 143.249080651813529, -18.319527598742329 ], [ 143.248813042437149, -18.319523519392686 ], [ 143.248545662083217, -18.319512208081736 ], [ 143.248278723698576, -18.319493674039993 ], [ 143.248012440311783, -18.319467932821112 ], [ 143.247747027846373, -18.319435004462186 ], [ 143.24748269663371, -18.319394915390362 ], [ 143.247219658965975, -18.319347697430487 ], [ 143.246958126270783, -18.319293388741748 ], [ 143.246698307208419, -18.319232032936732 ], [ 143.246440410508342, -18.31916367904801 ], [ 143.246184642132192, -18.319088381561588 ], [ 143.245931208122471, -18.319006201286559 ], [ 143.24568031079616, -18.318917203593351 ], [ 143.245432150659667, -18.318821460197714 ], [ 143.24518692733065, -18.318719047343333 ], [ 143.244944836724585, -18.318610047641361 ], [ 143.244706072910731, -18.318494547338794 ], [ 143.244470828158882, -18.318372639930963 ], [ 143.244239289110112, -18.318244422593406 ], [ 143.244011641539629, -18.318109998835691 ], [ 143.243788069376251, -18.317969475802993 ], [ 143.243568750931445, -18.317822965223737 ], [ 143.243353860825522, -18.317670586096682 ], [ 143.243143572754462, -18.317512459238671 ], [ 143.242938053874497, -18.317348711867055 ], [ 143.242737470440659, -18.317179474823376 ], [ 143.242541981210906, -18.317004884457553 ], [ 143.242351744030373, -18.316825079840484 ], [ 143.242166910180941, -18.316640204637011 ], [ 143.241987629121041, -18.316450407953393 ], [ 143.241814043722428, -18.316255841683422 ], [ 143.241646293119032, -18.316056661378116 ], [ 143.241484511760859, -18.315853026256843 ], [ 143.241328828480562, -18.315645100121404 ], [ 143.241179369294997, -18.315433048613315 ], [ 143.241036252723916, -18.315217042881795 ], [ 143.240899593514257, -18.314997255023574 ], [ 143.240769502686646, -18.314773861695404 ], [ 143.240646081827094, -18.314547041471215 ], [ 143.240632208104586, -18.314520527936494 ], [ 143.240293498592507, -18.313870604385688 ], [ 143.23313022539665, -18.311386310330608 ], [ 143.232939773575026, -18.311318031544129 ], [ 143.232691630768926, -18.311222268657787 ], [ 143.232446424254164, -18.311119837379842 ], [ 143.232204350866652, -18.311010819421988 ], [ 143.231965604662008, -18.310895301045854 ], [ 143.231730376950139, -18.310773375772381 ], [ 143.231498856260487, -18.310645141672353 ], [ 143.231271228318803, -18.310510699560069 ], [ 143.231047675182339, -18.310370159326332 ], [ 143.230828376093086, -18.310223632702233 ], [ 143.230613505620965, -18.310071235990595 ], [ 143.230403237480999, -18.3099130927312 ], [ 143.230197738801763, -18.309749329251247 ], [ 143.229997174888155, -18.309580077319545 ], [ 143.229801707283656, -18.309405470555902 ], [ 143.22961149006926, -18.309225650797348 ], [ 143.229426678280873, -18.309040760773456 ], [ 143.229247418534698, -18.308850950538694 ], [ 143.229073854596322, -18.308656369277909 ], [ 143.228906125617129, -18.308457175262841 ], [ 143.228744365072771, -18.308253526831717 ], [ 143.228588704614992, -18.308045587763829 ], [ 143.228439266472549, -18.307833524658431 ], [ 143.228296172906568, -18.30761750682419 ], [ 143.228159535821277, -18.307397707303807 ], [ 143.228029466219454, -18.30717430276346 ], [ 143.227906068494576, -18.306947470849611 ], [ 143.227789440500118, -18.30671739560777 ], [ 143.227679676282321, -18.306484259321046 ], [ 143.227576864281588, -18.306248249757296 ], [ 143.22750143105668, -18.306061985996308 ], [ 143.226530143659488, -18.303582470947209 ], [ 143.226435205367892, -18.303539708394425 ], [ 143.226196472991631, -18.303424182106543 ], [ 143.225961259202677, -18.303302248113628 ], [ 143.225729752519328, -18.303174004493453 ], [ 143.225502138690672, -18.30303955477665 ], [ 143.225278599728142, -18.302899006151431 ], [ 143.225059313916717, -18.302752470366595 ], [ 143.224844458686221, -18.302600066407958 ], [ 143.224634204868892, -18.302441915145454 ], [ 143.224428720538981, -18.302278143804802 ], [ 143.224228170978222, -18.30210888325794 ], [ 143.224032716807784, -18.301934269851394 ], [ 143.223842514899104, -18.301754442685624 ], [ 143.223657717451459, -18.301569545432397 ], [ 143.223478472003507, -18.301379727237805 ], [ 143.223304922344141, -18.301185140001746 ], [ 143.223137207578532, -18.300985939292033 ], [ 143.222975461182585, -18.300782284355353 ], [ 143.222819814796622, -18.300574338976304 ], [ 143.222670390626632, -18.300362268855899 ], [ 143.222527310945566, -18.300146245114135 ], [ 143.222390687635055, -18.299926439895163 ], [ 143.222260631686851, -18.299703029869775 ], [ 143.222137247494942, -18.299476193591971 ], [ 143.222020632867384, -18.299246112401985 ], [ 143.221910881885861, -18.299012972199577 ], [ 143.221808082934047, -18.298776957143868 ], [ 143.22171231692198, -18.298538258706859 ], [ 143.221623660952758, -18.298297066597804 ], [ 143.221542186512551, -18.298053575107218 ], [ 143.221467959412848, -18.297807978591141 ], [ 143.221401037922732, -18.297560473299296 ], [ 143.221341475616953, -18.297311258245273 ], [ 143.221289320407493, -18.297060533411134 ], [ 143.221244614532168, -18.296808498844239 ], [ 143.221207393643937, -18.296555357377677 ], [ 143.221189278663246, -18.296400440235303 ], [ 143.220695732773919, -18.294719547090555 ], [ 143.216040077288113, -18.290290435812043 ], [ 143.212848017327417, -18.287267870407078 ], [ 143.212758070786322, -18.28718154125151 ], [ 143.212573300196283, -18.286996631011039 ], [ 143.212394082474077, -18.286806799247184 ], [ 143.212220560440869, -18.286612197881656 ], [ 143.212052873202595, -18.286412984299165 ], [ 143.211891155147242, -18.28620931684253 ], [ 143.211735535056619, -18.28600135933932 ], [ 143.211586138908302, -18.285789278359495 ], [ 143.211517926033309, -18.285687952458332 ], [ 143.210240500916314, -18.283762263222147 ], [ 143.206564012816301, -18.282666525940058 ], [ 143.205860987082559, -18.282808685274066 ], [ 143.201163525702697, -18.284605051421831 ], [ 143.198557310020789, -18.285678221875479 ], [ 143.198445443939903, -18.285723472627531 ], [ 143.198196931825549, -18.285818285951184 ], [ 143.197945709270215, -18.285906342762864 ], [ 143.197691979661698, -18.285987572962746 ], [ 143.197435944555252, -18.286061910989392 ], [ 143.197177809369236, -18.286129297560944 ], [ 143.19691778148254, -18.286189678793669 ], [ 143.1966560683436, -18.286243006223803 ], [ 143.196449541116777, -18.286279904697015 ], [ 143.189829226225839, -18.287389994188047 ], [ 143.189585781440115, -18.287427691628515 ], [ 143.189341389268236, -18.287459309551458 ], [ 143.189096217812931, -18.287484828862016 ], [ 143.182653924831783, -18.288074158649771 ], [ 143.179155684042115, -18.288399834594706 ], [ 143.177926719260824, -18.288689774520428 ], [ 143.175670324100452, -18.290594746204469 ], [ 143.175538531921518, -18.29070395878793 ], [ 143.175332339346966, -18.290866912791007 ], [ 143.175121402682265, -18.291024227060301 ], [ 143.174905888686681, -18.29117577592741 ], [ 143.174685971753121, -18.291321439057075 ], [ 143.174461827244812, -18.291461097909931 ], [ 143.174233634410456, -18.291594642032521 ], [ 143.174001576316698, -18.291721963638242 ], [ 143.173765839881895, -18.291842960317013 ], [ 143.173526612116405, -18.29195753688472 ], [ 143.173284085728142, -18.292065599899583 ], [ 143.173038454462528, -18.292167063135178 ], [ 143.172789915916354, -18.292261845741777 ], [ 143.172538667744476, -18.29234987138631 ], [ 143.172284913355213, -18.292431069994215 ], [ 143.17202885432377, -18.292505376029194 ], [ 143.171770696087634, -18.292572730235051 ], [ 143.171510646044226, -18.292633078754118 ], [ 143.171248911659802, -18.292686373148776 ], [ 143.170985703305746, -18.292732570369218 ], [ 143.170901432547396, -18.29274581231428 ], [ 143.155779705500152, -18.295054506937834 ], [ 143.155706231691823, -18.295065028878685 ], [ 143.154073336573987, -18.29531360596307 ], [ 143.15389691635508, -18.295338833589906 ], [ 143.153631383763809, -18.295370708992166 ], [ 143.153365012271962, -18.295395394028922 ], [ 143.153098017270594, -18.295412868199048 ], [ 143.152830610447467, -18.29542311736753 ], [ 143.152563007350977, -18.29542613368023 ], [ 143.152520899159072, -18.295425948848273 ], [ 143.149640089053662, -18.295407198197179 ], [ 143.143209498093597, -18.295611236105579 ], [ 143.14303070762486, -18.295615289337579 ], [ 143.142851869847817, -18.295616112641984 ], [ 143.140601752810568, -18.295606123411584 ], [ 143.1403553029688, -18.295601959730945 ], [ 143.140087948127018, -18.295590491723704 ], [ 143.139821040787808, -18.295571800743208 ], [ 143.139554793954346, -18.295545902468572 ], [ 143.139289420685202, -18.295512817096128 ], [ 143.139025134116196, -18.295472571145858 ], [ 143.138762145558218, -18.295425196579341 ], [ 143.138500666399182, -18.295370731681793 ], [ 143.13831989369595, -18.295328714907125 ], [ 143.135019729791338, -18.294528691293319 ], [ 143.134940741940312, -18.294509195134022 ], [ 143.134682909512719, -18.294440681487607 ], [ 143.134427210771321, -18.294365225028574 ], [ 143.134173848866226, -18.294282886725899 ], [ 143.133923028892866, -18.294193732044619 ], [ 143.133674950349643, -18.294097832836663 ], [ 143.133429812788904, -18.293995265471089 ], [ 143.133187812045833, -18.293886111779436 ], [ 143.133173301659468, -18.293879310970361 ], [ 143.129043135941998, -18.291939236658944 ], [ 143.12880850222993, -18.291825115865684 ], [ 143.128577286394062, -18.291704797747563 ], [ 143.128349666449282, -18.29157837698838 ], [ 143.128125820441966, -18.29144595098235 ], [ 143.124667497003088, -18.289335774026036 ], [ 143.122182255575524, -18.287887009086219 ], [ 143.122016675892269, -18.287788227454318 ], [ 143.121793227598545, -18.287647546629845 ], [ 143.121574035966091, -18.287500880613269 ], [ 143.121359278348137, -18.287348348495851 ], [ 143.12117838232686, -18.287212663178003 ], [ 143.111956189008566, -18.280119894850468 ], [ 143.111926933566934, -18.280097301260454 ], [ 143.111721570151389, -18.279933394443042 ], [ 143.111521144836757, -18.279764001020418 ], [ 143.111325819089444, -18.279589257435088 ], [ 143.111135746831707, -18.279409302020063 ], [ 143.110951083027459, -18.279224281227286 ], [ 143.110771974129165, -18.279034341603072 ], [ 143.110598563827097, -18.278839636047884 ], [ 143.110430991103925, -18.278640319321077 ], [ 143.110269389354585, -18.278436553470588 ], [ 143.110113890069982, -18.278228499662152 ], [ 143.109964616295173, -18.278016324574807 ], [ 143.109821687345857, -18.27780019944549 ], [ 143.109685217819191, -18.277580296466422 ], [ 143.109555318582977, -18.277356792387621 ], [ 143.109432091070232, -18.277129865869682 ], [ 143.10931563579922, -18.276899698293082 ], [ 143.109206046711819, -18.276666474723928 ], [ 143.109103409260712, -18.276430382128343 ], [ 143.10900780702778, -18.276191609299349 ], [ 143.108919316051299, -18.275950346919434 ], [ 143.108838008629789, -18.275706789325181 ], [ 143.108831268015308, -18.275685469810494 ], [ 143.108159090257402, -18.273549986819827 ], [ 143.102087852510664, -18.267818376018528 ], [ 143.098281357572233, -18.265173529040517 ], [ 143.096183219333085, -18.264293988085562 ], [ 143.094336693319178, -18.264063649002924 ], [ 143.093825416128254, -18.264186541302379 ], [ 143.093616311497044, -18.26423439347403 ], [ 143.093354582970449, -18.264287579330134 ], [ 143.09309138395048, -18.264333667041527 ], [ 143.092826924880967, -18.264372619969436 ], [ 143.092561418162205, -18.264404406874842 ], [ 143.092295076271341, -18.264429002842441 ], [ 143.092028111729405, -18.264446386570963 ], [ 143.09176073905715, -18.264456545771953 ], [ 143.091493173764405, -18.264459471760674 ], [ 143.091225627655547, -18.264455162217565 ], [ 143.090958316392516, -18.264443621105539 ], [ 143.090691454735264, -18.264424856011974 ], [ 143.090646340358973, -18.264420966071846 ], [ 143.08632586808119, -18.264038381949096 ], [ 143.081866225233597, -18.264460098399081 ], [ 143.080640916982645, -18.265010413941543 ], [ 143.08048917620286, -18.265077006923562 ], [ 143.08024351383429, -18.265178353608817 ], [ 143.079994948140978, -18.265273016921423 ], [ 143.079743677756227, -18.265360921516191 ], [ 143.079489903270286, -18.265441997447592 ], [ 143.079233829110393, -18.265516179246013 ], [ 143.078975659780667, -18.265583407765387 ], [ 143.078715602687339, -18.265643629249155 ], [ 143.078453865291692, -18.265696794457945 ], [ 143.078190658000011, -18.265742863154912 ], [ 143.077926192175767, -18.265781795997249 ], [ 143.077660677400075, -18.265813562696135 ], [ 143.077394328981171, -18.26583813741841 ], [ 143.077127358532266, -18.265855501599049 ], [ 143.076859981491936, -18.265865640246069 ], [ 143.076592410548784, -18.265868545625366 ], [ 143.076324860347256, -18.265864215402921 ], [ 143.07605754654179, -18.265852652655102 ], [ 143.075790681091149, -18.265833867726453 ], [ 143.075524479778835, -18.265807874534673 ], [ 143.075259154692276, -18.265774694265616 ], [ 143.074994918917866, -18.265734352612348 ], [ 143.074783522857416, -18.265696769873301 ], [ 143.064762374922026, -18.263801971932377 ], [ 143.043788815803367, -18.265264744812686 ], [ 143.042657585849895, -18.265508585639427 ], [ 143.03627395587597, -18.268380091739754 ], [ 143.029850822983491, -18.272713551214807 ], [ 143.029667542167573, -18.272834135076124 ], [ 143.02944328476849, -18.272973634172271 ], [ 143.029214984274375, -18.273107013087206 ], [ 143.028982823870564, -18.273234166876037 ], [ 143.028746989612301, -18.273354993274033 ], [ 143.028507670445947, -18.273469394503206 ], [ 143.02826505824018, -18.273577279982206 ], [ 143.028019347744106, -18.273678562713293 ], [ 143.027770733782035, -18.273773162022277 ], [ 143.02751941786147, -18.273861002585107 ], [ 143.027265600588095, -18.273942012701649 ], [ 143.02700948454401, -18.274016127878653 ], [ 143.026751275212291, -18.274083289013312 ], [ 143.026491180031343, -18.274143442403279 ], [ 143.026229406493201, -18.27419653886351 ], [ 143.025966165022055, -18.274242537309352 ], [ 143.0257016660955, -18.274281401173475 ], [ 143.025436122125114, -18.274313097482697 ], [ 143.025169745617575, -18.274337601394333 ], [ 143.024902749153739, -18.274354894389717 ], [ 143.024635347247852, -18.274364961544343 ], [ 143.024499836304187, -18.274367300840936 ], [ 143.014869839755789, -18.274467353678212 ], [ 143.014737757137283, -18.274467841350557 ], [ 143.014470185912472, -18.274463425667005 ], [ 143.014202853631787, -18.274451777286856 ], [ 143.013935973213762, -18.274432906612766 ], [ 143.013669757618629, -18.274406827661664 ], [ 143.013404422726381, -18.274373561648066 ], [ 143.013140178806225, -18.274333135267025 ], [ 143.012877238080478, -18.274285580614645 ], [ 143.012615811898371, -18.274230936121072 ], [ 143.012356108834553, -18.27416924566716 ], [ 143.012098337525288, -18.274100558554636 ], [ 143.012020114409523, -18.274078218918444 ], [ 143.004524168146759, -18.271903595288954 ], [ 143.001711852149526, -18.272233592660161 ], [ 143.001597386953392, -18.272246347150357 ], [ 143.001331006700838, -18.272270818752034 ], [ 143.001064007476145, -18.272288078359022 ], [ 143.000796603806407, -18.272298111976951 ], [ 143.00052901029153, -18.272300911935634 ], [ 143.000261441594091, -18.272296475985744 ], [ 142.999994110547846, -18.272284807318634 ], [ 142.99972723289568, -18.272265915420185 ], [ 142.999461021616412, -18.272239816130146 ], [ 142.999195689740418, -18.272206529805874 ], [ 142.998931450370151, -18.272166083128941 ], [ 142.998668514778927, -18.272118508221638 ], [ 142.998407094311744, -18.272063843530397 ], [ 142.998147397538617, -18.272002132952224 ], [ 142.997889633090779, -18.271933425805035 ], [ 142.997634007769733, -18.271857776847341 ], [ 142.997380724666243, -18.271775247201333 ], [ 142.997129988812674, -18.271685902486968 ], [ 142.996881999639612, -18.271589814707575 ], [ 142.996636956627839, -18.271487060383965 ], [ 142.996395055536908, -18.271377721497185 ], [ 142.9961564912619, -18.271261887265442 ], [ 142.995921453044048, -18.271139648773712 ], [ 142.995690130205446, -18.271011104334146 ], [ 142.99546270834648, -18.270876357719015 ], [ 142.995239369324992, -18.270735516353991 ], [ 142.99502029126657, -18.270588692221434 ], [ 142.99480565143196, -18.270436004540624 ], [ 142.99459561953654, -18.27027757441698 ], [ 142.994390366311393, -18.270113529269725 ], [ 142.994190054017366, -18.269944000220548 ], [ 142.993994844029544, -18.269769123821234 ], [ 142.993804893024361, -18.269589039383206 ], [ 142.993620353000154, -18.269403890784023 ], [ 142.993441370342055, -18.269213827380462 ], [ 142.993268090518455, -18.269019001249308 ], [ 142.993100651472872, -18.268819568159579 ], [ 142.992939187405852, -18.268615687533011 ], [ 142.992783826894481, -18.268407523367035 ], [ 142.992634695697802, -18.268195241495263 ], [ 142.992491912070761, -18.267979013249828 ], [ 142.992355591439946, -18.267759010895656 ], [ 142.992225841717726, -18.267535411292787 ], [ 142.992137147601113, -18.267373411160357 ], [ 142.990485242531349, -18.264280328649296 ], [ 142.990450864243854, -18.264215310191624 ], [ 142.990342098249982, -18.264000479255195 ], [ 142.986132591390913, -18.255397374594409 ], [ 142.980217583318961, -18.250441952719388 ], [ 142.980177447188311, -18.25043124886324 ], [ 142.979921858587943, -18.250355572314916 ], [ 142.979668614617623, -18.250273015222554 ], [ 142.979417917442731, -18.250183643257653 ], [ 142.979169967397979, -18.250087527532159 ], [ 142.978924963953318, -18.249984746395231 ], [ 142.978683102836499, -18.249875381849343 ], [ 142.978444577934226, -18.249759520433987 ], [ 142.978209581322574, -18.249637255935571 ], [ 142.977978299454747, -18.249508686716513 ], [ 142.977750918812831, -18.249373913849986 ], [ 142.977527620307001, -18.249233047501622 ], [ 142.977308584865881, -18.249086199644388 ], [ 142.97709398590419, -18.248933486846646 ], [ 142.976883996916428, -18.248775032903808 ], [ 142.976678784807831, -18.248610964390171 ], [ 142.97647851559762, -18.24844141331015 ], [ 142.976283347760045, -18.248266513553382 ], [ 142.976093438913836, -18.248086407149408 ], [ 142.975908940078199, -18.247901238003116 ], [ 142.975730000420299, -18.247711153652418 ], [ 142.975556762538361, -18.247516306220358 ], [ 142.975389365308246, -18.247316853288993 ], [ 142.975227942886818, -18.247112953392666 ], [ 142.975072623817766, -18.24690477054412 ], [ 142.975012273616244, -18.246820391682203 ], [ 142.974564793367961, -18.246187083495187 ], [ 142.972908880151607, -18.246369307615598 ], [ 142.97286363583612, -18.246374180701629 ], [ 142.972597285504634, -18.246398608039939 ], [ 142.972330319484286, -18.246415824034003 ], [ 142.972062949429841, -18.246425813850479 ], [ 142.971795390859626, -18.246428569844632 ], [ 142.971527858408024, -18.246424089802453 ], [ 142.971260564879998, -18.246412376950417 ], [ 142.970993725998284, -18.246393441713391 ], [ 142.970727553744808, -18.246367298169609 ], [ 142.970462263964322, -18.246333967586004 ], [ 142.970198066890077, -18.246293476708924 ], [ 142.969935174706848, -18.246245857686265 ], [ 142.969673798724642, -18.246191149 ], [ 142.969634319626948, -18.246182239230905 ], [ 142.961916903888095, -18.244423613586878 ], [ 142.961814553052193, -18.244435796927043 ], [ 142.961548203448189, -18.244460208743863 ], [ 142.961281236732475, -18.244477409154939 ], [ 142.96101386739582, -18.244487383310215 ], [ 142.960746310010478, -18.24449012358729 ], [ 142.96047877920995, -18.24448562778478 ], [ 142.960211487797949, -18.244473899141703 ], [ 142.959944651495363, -18.244454948095719 ], [ 142.959678483217374, -18.244428787824628 ], [ 142.959413195990408, -18.24439544144386 ], [ 142.95914900287093, -18.244354934779963 ], [ 142.958886115095112, -18.244307300003207 ], [ 142.958624743979613, -18.244252576511546 ], [ 142.958365098034676, -18.24419080644304 ], [ 142.958107385850695, -18.244122039163429 ], [ 142.957851814217548, -18.24404633218872 ], [ 142.957598586142552, -18.243963743074712 ], [ 142.957347906644088, -18.243874340198733 ], [ 142.957099975097435, -18.243778194707101 ], [ 142.956854990937245, -18.243675383167062 ], [ 142.956613149885953, -18.243565988508706 ], [ 142.956374646759627, -18.243450097286019 ], [ 142.956215378249482, -18.243368108129914 ], [ 142.955968802845007, -18.243238249821349 ], [ 142.951335757802269, -18.243708254263218 ], [ 142.951106662724612, -18.243728801850079 ], [ 142.95083969552914, -18.243745987675091 ], [ 142.950572325202046, -18.243755947190493 ], [ 142.950304767261798, -18.243758672775996 ], [ 142.950037236342268, -18.243754162242034 ], [ 142.949769945247283, -18.243742418839361 ], [ 142.949503109697474, -18.243723453017552 ], [ 142.949236941662122, -18.243697277975851 ], [ 142.948971657002659, -18.243663916812661 ], [ 142.948707465938213, -18.243623395395261 ], [ 142.948444580658787, -18.243575746799465 ], [ 142.948183212448754, -18.243521007725089 ], [ 142.948059694800975, -18.243492544723789 ], [ 142.940827451621544, -18.241776621427071 ], [ 142.937824532358178, -18.241588266241752 ], [ 142.93360848045188, -18.242683784112931 ], [ 142.933477141808936, -18.242716943453505 ], [ 142.933217046848171, -18.242776968745932 ], [ 142.932955277662444, -18.242829936783266 ], [ 142.932692044651617, -18.2428758047784 ], [ 142.932427558286463, -18.242914536268469 ], [ 142.932162030989389, -18.242946100192583 ], [ 142.931895675253401, -18.242970471814171 ], [ 142.931628703622181, -18.242987630914424 ], [ 142.931361331546043, -18.242997563570313 ], [ 142.931093771709413, -18.243000262211844 ], [ 142.93082623874767, -18.24299572467109 ], [ 142.930558948301723, -18.242983954191715 ], [ 142.930292112300805, -18.242964960380007 ], [ 142.930025946525461, -18.242938759128563 ], [ 142.929760663024382, -18.242905370885989 ], [ 142.929496474861196, -18.242864822415775 ], [ 142.929233594213542, -18.242817145912188 ], [ 142.928972229546787, -18.24276237993196 ], [ 142.928712593166892, -18.242700568414953 ], [ 142.928454890821229, -18.2426317607888 ], [ 142.928199329261474, -18.242556011892678 ], [ 142.927946114362612, -18.242473382899753 ], [ 142.927716999003337, -18.242391934731899 ], [ 142.920794861195787, -18.239833172821697 ], [ 142.916743469114948, -18.238609832598414 ], [ 142.916626195081847, -18.238623763649287 ], [ 142.916359840560375, -18.238648113256112 ], [ 142.916092872704354, -18.238665250208658 ], [ 142.9158255031804, -18.238675160639609 ], [ 142.915557947506187, -18.238677836968328 ], [ 142.915290420313767, -18.238673277044821 ], [ 142.915023134404066, -18.238661484159159 ], [ 142.914756305483394, -18.238642467897602 ], [ 142.914490145545841, -18.23861624420875 ], [ 142.914224870416177, -18.238582833521296 ], [ 142.913960690315946, -18.238542262645158 ], [ 142.913697817416306, -18.238494563792553 ], [ 142.913436463011749, -18.238439775509686 ], [ 142.913176835619282, -18.238377941792294 ], [ 142.912919143814406, -18.238309112057301 ], [ 142.912663593394967, -18.238233341171103 ], [ 142.912410390226967, -18.23815069032457 ], [ 142.912159736443158, -18.238061225264147 ], [ 142.911911832353525, -18.237965018079549 ], [ 142.91166687737072, -18.237862145387673 ], [ 142.911425067183814, -18.237752689264198 ], [ 142.911186595668568, -18.237636739031341 ], [ 142.910951654828153, -18.237514385837795 ], [ 142.910720431070871, -18.237385728116472 ], [ 142.910493110862433, -18.237250869721134 ], [ 142.910269875034004, -18.237109918176305 ], [ 142.910050904464271, -18.236962985523942 ], [ 142.909836372545868, -18.236810191108866 ], [ 142.909626452689167, -18.236651656083222 ], [ 142.909421311754073, -18.236487507989146 ], [ 142.90922111569239, -18.236317877992057 ], [ 142.909026022950115, -18.236142902753336 ], [ 142.908836191055315, -18.235962721654243 ], [ 142.908651770965577, -18.235777478659042 ], [ 142.908472911804864, -18.235587323171227 ], [ 142.908299756106857, -18.235392407370519 ], [ 142.908132442661127, -18.235192887087866 ], [ 142.907971105567668, -18.234988921814828 ], [ 142.90781587330153, -18.234780675616239 ], [ 142.907666871519041, -18.234568314391911 ], [ 142.907524218370895, -18.234352009536973 ], [ 142.907388028234095, -18.234131933387474 ], [ 142.907258411751428, -18.233908262833687 ], [ 142.907135470129873, -18.233681176666483 ], [ 142.907019304604034, -18.233450856386494 ], [ 142.906910006047269, -18.233217487210936 ], [ 142.906807662514666, -18.232981256191586 ], [ 142.906712356407297, -18.232742352242955 ], [ 142.906624164472163, -18.232500966142197 ], [ 142.906557787978898, -18.232301306740393 ], [ 142.905767102871181, -18.232042714296878 ], [ 142.905645632567513, -18.232002102512006 ], [ 142.905394989541321, -18.23191262741615 ], [ 142.905147098297988, -18.231816410255465 ], [ 142.904902155404585, -18.231713527683084 ], [ 142.904660357495686, -18.231604062676492 ], [ 142.904421898407605, -18.231488101855764 ], [ 142.904402102717228, -18.231478106951272 ], [ 142.899908875124197, -18.22920293539871 ], [ 142.897311903366983, -18.228055863357451 ], [ 142.897130066193398, -18.227973287790267 ], [ 142.89695010942367, -18.227887030867716 ], [ 142.896772116676885, -18.227797130614576 ], [ 142.893471996307312, -18.226087063417971 ], [ 142.893336573315679, -18.226015511673332 ], [ 142.893105376440957, -18.225886829943001 ], [ 142.892878083560277, -18.225751947857436 ], [ 142.892654876418504, -18.225610972047331 ], [ 142.892435934010678, -18.225464017302276 ], [ 142.89222143062284, -18.225311200265946 ], [ 142.892011539652316, -18.225152643012091 ], [ 142.891872439260112, -18.225042342479188 ], [ 142.889052390344176, -18.222762257369485 ], [ 142.888986380712169, -18.222708385945296 ], [ 142.888786218503697, -18.222538731094385 ], [ 142.888591160879258, -18.222363731510054 ], [ 142.888401364393445, -18.222183526602482 ], [ 142.888297751589164, -18.222080712613341 ], [ 142.885827743579995, -18.219590624946761 ], [ 142.885688748061028, -18.219447427260352 ], [ 142.88555302535471, -18.219301390249846 ], [ 142.885420637672752, -18.219152584682671 ], [ 142.884838452292001, -18.218483671457651 ], [ 142.88086076421132, -18.217034175591248 ], [ 142.880086797864607, -18.216756056799117 ], [ 142.879979448946955, -18.216716767770528 ], [ 142.879731589819528, -18.216620514330121 ], [ 142.879486680797129, -18.216517595785465 ], [ 142.879244918477212, -18.216408094239643 ], [ 142.879006494807044, -18.216292099069857 ], [ 142.878771601751652, -18.216169701460949 ], [ 142.878613323491123, -18.21608158320803 ], [ 142.878540427570812, -18.216040999862585 ], [ 142.878481645848694, -18.216006922170219 ], [ 142.874754525188365, -18.213828336887822 ], [ 142.874586040183175, -18.213727509215538 ], [ 142.874362861972656, -18.213586510088334 ], [ 142.874143947944987, -18.213439530599103 ], [ 142.873929475227641, -18.213286690092861 ], [ 142.873719614348573, -18.213128109786673 ], [ 142.873514533065617, -18.212963917249411 ], [ 142.873314396337349, -18.212794243691675 ], [ 142.873119364452009, -18.212619225790888 ], [ 142.872929593943525, -18.212439002971909 ], [ 142.872745236665764, -18.212253719222986 ], [ 142.872644186665639, -18.212147561063148 ], [ 142.871865687821611, -18.211316532333232 ], [ 142.871787941709272, -18.211232494879003 ], [ 142.87161485039988, -18.211037539509835 ], [ 142.871447600725105, -18.210837980762911 ], [ 142.871286328623512, -18.210633978142095 ], [ 142.871131162517997, -18.210425695741996 ], [ 142.870982225177016, -18.210213299519292 ], [ 142.870839637534345, -18.209996960869208 ], [ 142.870703513914663, -18.209776852154835 ], [ 142.870573962072143, -18.209553150320449 ], [ 142.87045108694258, -18.209326034144528 ], [ 142.870334985926831, -18.209095685189105 ], [ 142.870225752681563, -18.208862288666257 ], [ 142.870123475209539, -18.208626031649683 ], [ 142.870028233969123, -18.208387103093177 ], [ 142.869940105655445, -18.208145693793639 ], [ 142.869859161329288, -18.207901998216208 ], [ 142.869785466368825, -18.20765620997738 ], [ 142.869719077701774, -18.20740852819619 ], [ 142.869660051280306, -18.207159149290167 ], [ 142.869608431760952, -18.206908274303526 ], [ 142.869604444405951, -18.206885509971332 ], [ 142.868467888829514, -18.205032061078462 ], [ 142.865251596710351, -18.200528990183322 ], [ 142.865132456614077, -18.200358037097171 ], [ 142.864989884989342, -18.200141691602834 ], [ 142.86485377720922, -18.199921578066199 ], [ 142.864724240976841, -18.199697869822614 ], [ 142.864601381244256, -18.199470748365094 ], [ 142.864584660041686, -18.199438575212262 ], [ 142.86295352151194, -18.19628426909637 ], [ 142.861408521668551, -18.194482837000951 ], [ 142.861247036755884, -18.19428919181437 ], [ 142.861091164493416, -18.194091389423757 ], [ 142.860941024602823, -18.193889577753147 ], [ 142.859300578280454, -18.191618835301913 ], [ 142.859152645369193, -18.191407772524286 ], [ 142.859010089064583, -18.191191421070378 ], [ 142.858873995496538, -18.190971301799888 ], [ 142.8587444751916, -18.190747588025229 ], [ 142.858621629309141, -18.190520461280489 ], [ 142.858505559006574, -18.190290103099461 ], [ 142.858396355061984, -18.190056696923058 ], [ 142.858294105454576, -18.189820429832761 ], [ 142.858198892529288, -18.189581492577993 ], [ 142.858176731545313, -18.189522793307113 ], [ 142.857246833512164, -18.187032741072041 ], [ 142.857180896101283, -18.186850022297204 ], [ 142.857099982704341, -18.186606318323403 ], [ 142.857026316135972, -18.186360523153759 ], [ 142.85695995705214, -18.186112833166753 ], [ 142.856900957630245, -18.185863447532576 ], [ 142.856849365330419, -18.185612566369844 ], [ 142.856805221941016, -18.185360389851294 ], [ 142.856775088256398, -18.185152203810585 ], [ 142.855285625691238, -18.182835109053332 ], [ 142.855270337089422, -18.182811241823295 ], [ 142.855134256434951, -18.182591117797156 ], [ 142.85500474696434, -18.182367401238515 ], [ 142.854881913579248, -18.182140270937701 ], [ 142.854765853647336, -18.181909908467933 ], [ 142.854656660801794, -18.181676499955508 ], [ 142.854644756049964, -18.181649937471267 ], [ 142.853484851270849, -18.179050376288359 ], [ 142.853394520238481, -18.178840667755736 ], [ 142.85329932118816, -18.178601726673808 ], [ 142.853211235139611, -18.178360305540796 ], [ 142.853130331230176, -18.178116598849559 ], [ 142.853056674815377, -18.177870801128901 ], [ 142.853033547219411, -18.177787715833517 ], [ 142.851863932685262, -18.1735039681719 ], [ 142.851465550290868, -18.172693506744679 ], [ 142.850170187300876, -18.171023568296874 ], [ 142.848808944539201, -18.169563523621807 ], [ 142.846228306165642, -18.168537251760057 ], [ 142.846175223357676, -18.168515959290051 ], [ 142.845930399827751, -18.168412989570051 ], [ 142.845688722694149, -18.168303438246188 ], [ 142.845450386641687, -18.168187391998629 ], [ 142.845215580759344, -18.168064944789904 ], [ 142.844984494181944, -18.167936195100346 ], [ 142.844757312300374, -18.167801245060936 ], [ 142.844534216780488, -18.167660202260041 ], [ 142.844489763015133, -18.167631048495561 ], [ 142.841549681554909, -18.165690972552724 ], [ 142.841375308844704, -18.165573103460325 ], [ 142.841160922820251, -18.165420216863424 ], [ 142.84095114963344, -18.165261592139618 ], [ 142.84074615601719, -18.165097355998949 ], [ 142.840546106869198, -18.16492764059042 ], [ 142.840351163323874, -18.164752579906462 ], [ 142.840161479038613, -18.164572316142806 ], [ 142.839977208632462, -18.16438699329322 ], [ 142.839798498255163, -18.164196759046799 ], [ 142.839627642942133, -18.164004261208149 ], [ 142.837866581679151, -18.161962945860157 ], [ 142.837698344499785, -18.161762100816787 ], [ 142.837537159644938, -18.161558061258191 ], [ 142.837382079178013, -18.161349743063184 ], [ 142.8372332286431, -18.161137313093015 ], [ 142.837200895988531, -18.161089397493082 ], [ 142.834620978458929, -18.157239282506033 ], [ 142.834510813628128, -18.157070824024697 ], [ 142.834374779754683, -18.156850680619794 ], [ 142.834245318536546, -18.156626945414384 ], [ 142.834122531057631, -18.156399797249858 ], [ 142.834006518428083, -18.156169417677532 ], [ 142.833897371399217, -18.155935991961126 ], [ 142.833795177904591, -18.155699707197765 ], [ 142.833736329893952, -18.1555543510874 ], [ 142.833156387833981, -18.154084318940367 ], [ 142.833120079788671, -18.153990720011251 ], [ 142.833032035312726, -18.153749285458762 ], [ 142.832951173281145, -18.153505566154983 ], [ 142.832877558070891, -18.153259756647852 ], [ 142.832811249351721, -18.153012053336489 ], [ 142.832752299270197, -18.152762656304979 ], [ 142.832700756163575, -18.152511762962618 ], [ 142.832656659920019, -18.15225957621934 ], [ 142.832652355709314, -18.152232339531846 ], [ 142.832422429988327, -18.150762321997359 ], [ 142.832390121653987, -18.150536279557301 ], [ 142.832361020650239, -18.150282112086035 ], [ 142.832339455850786, -18.150027258435003 ], [ 142.832325442590331, -18.149771923552009 ], [ 142.832318993368204, -18.149516312411013 ], [ 142.832320113105084, -18.149260628250378 ], [ 142.832328801080024, -18.149005077071816 ], [ 142.832345049003067, -18.148749864044721 ], [ 142.832361805878747, -18.148562611884888 ], [ 142.832611940821437, -18.146072612212635 ], [ 142.832618979615603, -18.146005191982994 ], [ 142.832650305041483, -18.145751265474068 ], [ 142.832689133264267, -18.145498288408547 ], [ 142.832735433288661, -18.145246463458204 ], [ 142.832789169385904, -18.144995992435568 ], [ 142.832850297295352, -18.144747074523195 ], [ 142.832861679312487, -18.144703959757042 ], [ 142.833302684876031, -18.143050520668531 ], [ 142.833286517707705, -18.142904466245032 ], [ 142.833273721963081, -18.142758106840642 ], [ 142.833264302148052, -18.142611512884816 ], [ 142.832863018358012, -18.135894744933115 ], [ 142.832611024052198, -18.135140579233919 ], [ 142.830437796783627, -18.133050349485092 ], [ 142.843839340587948, -18.120311568363178 ], [ 142.847618816336507, -18.12394643986319 ], [ 142.847673914852237, -18.123999870081885 ], [ 142.847858146127294, -18.124185189361995 ], [ 142.848036819558786, -18.124375419733251 ], [ 142.848209791815606, -18.12457040899687 ], [ 142.848376924231587, -18.124769999488656 ], [ 142.848538082852826, -18.124974032595841 ], [ 142.848693139335126, -18.125182344231046 ], [ 142.848841968138089, -18.125394767569603 ], [ 142.848984451249038, -18.125611133004075 ], [ 142.84912047439451, -18.125831267277146 ], [ 142.84924992704029, -18.126054993481571 ], [ 142.849372708079045, -18.126282132812403 ], [ 142.849488716373259, -18.12651250375432 ], [ 142.849597861138136, -18.1267459210783 ], [ 142.849700054402717, -18.126982197721038 ], [ 142.849795213853554, -18.127221145660972 ], [ 142.84988326373221, -18.12746257139225 ], [ 142.849918622633339, -18.127566205644502 ], [ 142.851228790388006, -18.131486129784484 ], [ 142.851274302166559, -18.131626206769631 ], [ 142.851347930386737, -18.131872008262103 ], [ 142.851414253705883, -18.132119704068828 ], [ 142.851473219920081, -18.13236909503512 ], [ 142.851524781538899, -18.13261998105682 ], [ 142.851568896739707, -18.132872161974543 ], [ 142.851605530284445, -18.13312543485441 ], [ 142.85163465262201, -18.133379598514001 ], [ 142.851656241721344, -18.133634448083878 ], [ 142.851661801768643, -18.133720203310915 ], [ 142.852056034759528, -18.140307329013339 ], [ 142.852264002451932, -18.140873837687359 ], [ 142.852313380868111, -18.141011903645516 ], [ 142.852394261517759, -18.141255614115103 ], [ 142.852467896621761, -18.141501414441528 ], [ 142.852534226441719, -18.141749108254501 ], [ 142.852593198787588, -18.141998498206988 ], [ 142.852644765209561, -18.142249383301372 ], [ 142.85268888577022, -18.142501563360831 ], [ 142.852725524291685, -18.142754836364656 ], [ 142.852754652135303, -18.143008998411808 ], [ 142.852776245405153, -18.143263847361734 ], [ 142.85279028584543, -18.143519178308338 ], [ 142.852796763713513, -18.143774787166141 ], [ 142.852795673026691, -18.144030468005695 ], [ 142.852787015389936, -18.144286017533965 ], [ 142.852770796168471, -18.144541230613932 ], [ 142.852747029231665, -18.144795902025741 ], [ 142.852715734146898, -18.145049829204197 ], [ 142.852676935187247, -18.145302807730964 ], [ 142.852630664204469, -18.145554634920746 ], [ 142.852576956849305, -18.145805109857726 ], [ 142.852515857267832, -18.146054030639934 ], [ 142.8524474134245, -18.146301198941622 ], [ 142.852371680853366, -18.146546417266819 ], [ 142.852288720749328, -18.146789487160692 ], [ 142.852198598154615, -18.147030216454887 ], [ 142.852101385643437, -18.14726841019732 ], [ 142.851997161517716, -18.147503878800816 ], [ 142.851886008814887, -18.1477364335354 ], [ 142.85176801720732, -18.147965887413427 ], [ 142.851643280186579, -18.148192057023735 ], [ 142.851511898833763, -18.148414761591905 ], [ 142.85137397708553, -18.148633822122409 ], [ 142.8513373029013, -18.148689454682199 ], [ 142.852809322320383, -18.150885926284253 ], [ 142.853370428529217, -18.151536277099765 ], [ 142.854407128343041, -18.152220349032625 ], [ 142.854989570100514, -18.152451977991234 ], [ 142.855175957025182, -18.152485883103918 ], [ 142.855437170243448, -18.152540763693398 ], [ 142.855696654866108, -18.152602690457194 ], [ 142.855954202465114, -18.152671611203566 ], [ 142.856209606482253, -18.152747471916896 ], [ 142.856462663116901, -18.152830211328357 ], [ 142.856713170409364, -18.152919763635104 ], [ 142.856960925387114, -18.153016056720887 ], [ 142.857205732587971, -18.153119013880612 ], [ 142.857447392701829, -18.153228552123114 ], [ 142.85768571488336, -18.153344584762561 ], [ 142.857920507264311, -18.153467017896201 ], [ 142.857972676206145, -18.15349535331061 ], [ 142.859032639670176, -18.154075331581062 ], [ 142.859211545357766, -18.154175730247751 ], [ 142.859438718003247, -18.154310663961976 ], [ 142.859661806707607, -18.154451689176245 ], [ 142.859880630742424, -18.154598693815242 ], [ 142.860095016860527, -18.15475155850428 ], [ 142.860304791793538, -18.15491016206261 ], [ 142.860509788818746, -18.155074376922446 ], [ 142.860709842118098, -18.155244071893996 ], [ 142.860904793373521, -18.155419110294552 ], [ 142.86109448518107, -18.155599352722621 ], [ 142.861278766701531, -18.155784655196204 ], [ 142.861393024114136, -18.155905005164897 ], [ 142.864563029221273, -18.159304888319753 ], [ 142.864702595402207, -18.159458001987229 ], [ 142.864838526381504, -18.159614075298247 ], [ 142.864970752331033, -18.159773029433548 ], [ 142.865099209091625, -18.159934785518889 ], [ 142.867209244949294, -18.162654698847842 ], [ 142.867238960508786, -18.162693215563277 ], [ 142.867394075373454, -18.162901506329142 ], [ 142.86754296181735, -18.163113910372925 ], [ 142.867685501762793, -18.163330256296575 ], [ 142.867821579955432, -18.163550371771009 ], [ 142.867951088650642, -18.163774079876735 ], [ 142.86807392291766, -18.164001201859755 ], [ 142.868171448378291, -18.16419362214496 ], [ 142.869341527618815, -18.166573562978073 ], [ 142.869360066084568, -18.166611496838595 ], [ 142.869469266315235, -18.166844897316725 ], [ 142.869571512974119, -18.167081157944008 ], [ 142.869666725584693, -18.167320089790042 ], [ 142.869754827429603, -18.16756150208046 ], [ 142.86983574742149, -18.167805200371767 ], [ 142.869909420151259, -18.168050991068132 ], [ 142.869932554733964, -18.168134072891203 ], [ 142.871145987759746, -18.172576705072021 ], [ 142.871756898275351, -18.173945580259996 ], [ 142.872460382578652, -18.175039818304317 ], [ 142.87315997933328, -18.175777349550152 ], [ 142.873277785104648, -18.175903905106221 ], [ 142.873450839537384, -18.176098863534722 ], [ 142.873618053288197, -18.176298424029309 ], [ 142.873779292338327, -18.176502428001292 ], [ 142.873934428279227, -18.176710711386594 ], [ 142.874083335506441, -18.17692310738342 ], [ 142.874225895945017, -18.177139446406109 ], [ 142.874361994314427, -18.17735955522781 ], [ 142.874491522854015, -18.177583256934309 ], [ 142.874614376626738, -18.177810373680192 ], [ 142.874730458186463, -18.178040721222438 ], [ 142.874839673884821, -18.178274117087568 ], [ 142.874941936629199, -18.178510373317032 ], [ 142.875037164050525, -18.178749301905686 ], [ 142.875125279390602, -18.178990709372474 ], [ 142.875206213479231, -18.179234404872066 ], [ 142.875279900857294, -18.179480191198149 ], [ 142.87534628175419, -18.179727872895189 ], [ 142.875405303910242, -18.179977249916391 ], [ 142.87545691886416, -18.180228123984076 ], [ 142.875501086630464, -18.180480294026747 ], [ 142.875537770993162, -18.180733558031879 ], [ 142.875566943276823, -18.180987712105612 ], [ 142.875588579549969, -18.181242554113865 ], [ 142.875602661522009, -18.181497879156286 ], [ 142.875609179417239, -18.181753483151979 ], [ 142.875609582145103, -18.181885494682742 ], [ 142.87560725075204, -18.182392406843114 ], [ 142.876274395387071, -18.183315776672224 ], [ 142.878257620541518, -18.185627955172482 ], [ 142.87840825688599, -18.185808220059531 ], [ 142.878569510955401, -18.18601221851273 ], [ 142.878724661740023, -18.186220496546895 ], [ 142.878873583633208, -18.186432888267944 ], [ 142.879016158528884, -18.186649222287627 ], [ 142.879152271144591, -18.18686932628648 ], [ 142.879281813708388, -18.187093023354162 ], [ 142.879404681262145, -18.187320134745622 ], [ 142.879421403679913, -18.187352306502817 ], [ 142.881238007132737, -18.190864688136767 ], [ 142.884264627331476, -18.195101702951462 ], [ 142.884384931436273, -18.195274335475538 ], [ 142.884501056351951, -18.195449562089291 ], [ 142.884612943427669, -18.195627291224927 ], [ 142.886833033905901, -18.19924718778088 ], [ 142.886933401595257, -18.199414762506102 ], [ 142.887029825750147, -18.199584439420395 ], [ 142.887122259116438, -18.199756132264035 ], [ 142.887210655403891, -18.199929756574598 ], [ 142.887580795309248, -18.20014610595198 ], [ 142.891348742249932, -18.201519195044284 ], [ 142.892295873546402, -18.201864326065795 ], [ 142.89236211516922, -18.201888736974546 ], [ 142.892609957939811, -18.201984975491868 ], [ 142.892854851814889, -18.202087878567337 ], [ 142.893096601203837, -18.202197364119808 ], [ 142.89319928527317, -18.202246321287188 ], [ 142.895079212344456, -18.203156286133176 ], [ 142.89521494072406, -18.203223306202066 ], [ 142.895449824037115, -18.20334568436072 ], [ 142.895680990909625, -18.203474366120357 ], [ 142.895908254960062, -18.203609247631928 ], [ 142.896131435437042, -18.203750221377732 ], [ 142.896350351538558, -18.203897175324133 ], [ 142.896564829943827, -18.204049990136664 ], [ 142.896774697310605, -18.204208544674835 ], [ 142.896979785897258, -18.204372711419268 ], [ 142.897179932646907, -18.20454235919102 ], [ 142.89737497633223, -18.204717351372906 ], [ 142.897564760420437, -18.204897548591362 ], [ 142.897749133998758, -18.205082806900407 ], [ 142.897927947983987, -18.205272976915634 ], [ 142.898075465406464, -18.205438373230475 ], [ 142.899759358334592, -18.207372984681609 ], [ 142.901660660701054, -18.209289622876845 ], [ 142.903340255846217, -18.210647570749661 ], [ 142.905518554502066, -18.211776318300846 ], [ 142.908074241432161, -18.212905155763547 ], [ 142.90830581718194, -18.213011110192316 ], [ 142.908534298006714, -18.213123036129456 ], [ 142.912594985445054, -18.21517919909834 ] ] ] } }
]
}
